depth_folder,id,img_path,label_deg
Depth_001,ZED1_KSC_001032,../dl_datas\Depth_001\ZED1_KSC_001032_L.png,10.417145143890558
Depth_001,ZED1_KSC_001033,../dl_datas\Depth_001\ZED1_KSC_001033_L.png,9.595257953256104
Depth_002,ZED1_KSC_001646,../dl_datas\Depth_002\ZED1_KSC_001646_L.png,2.927503341451703
Depth_002,ZED1_KSC_001847,../dl_datas\Depth_002\ZED1_KSC_001847_L.png,6.54478540193648
Depth_002,ZED1_KSC_001848,../dl_datas\Depth_002\ZED1_KSC_001848_L.png,6.6267900285986645
Depth_002,ZED1_KSC_001849,../dl_datas\Depth_002\ZED1_KSC_001849_L.png,11.32783366450527
Depth_002,ZED1_KSC_001851,../dl_datas\Depth_002\ZED1_KSC_001851_L.png,11.966800747400448
Depth_002,ZED1_KSC_001852,../dl_datas\Depth_002\ZED1_KSC_001852_L.png,12.016440510773434
Depth_002,ZED1_KSC_001853,../dl_datas\Depth_002\ZED1_KSC_001853_L.png,7.344195248528352
Depth_002,ZED1_KSC_001854,../dl_datas\Depth_002\ZED1_KSC_001854_L.png,13.207992018402365
Depth_002,ZED1_KSC_001855,../dl_datas\Depth_002\ZED1_KSC_001855_L.png,12.580389470099034
Depth_002,ZED1_KSC_001856,../dl_datas\Depth_002\ZED1_KSC_001856_L.png,11.492536521422617
Depth_002,ZED1_KSC_001859,../dl_datas\Depth_002\ZED1_KSC_001859_L.png,4.816213656931788
Depth_002,ZED1_KSC_001862,../dl_datas\Depth_002\ZED1_KSC_001862_L.png,9.074651984638987
Depth_002,ZED1_KSC_002255,../dl_datas\Depth_002\ZED1_KSC_002255_L.png,7.118164685943873
Depth_002,ZED1_KSC_002351,../dl_datas\Depth_002\ZED1_KSC_002351_L.png,12.035601214586338
Depth_002,ZED1_KSC_002354,../dl_datas\Depth_002\ZED1_KSC_002354_L.png,6.935848948541519
Depth_002,ZED1_KSC_002355,../dl_datas\Depth_002\ZED1_KSC_002355_L.png,7.148965300068361
Depth_002,ZED1_KSC_002362,../dl_datas\Depth_002\ZED1_KSC_002362_L.png,6.8444981732208445
Depth_003,ZED1_KSC_003132,../dl_datas\Depth_003\ZED1_KSC_003132_L.png,2.798343220200378
Depth_003,ZED1_KSC_003133,../dl_datas\Depth_003\ZED1_KSC_003133_L.png,5.858492267780397
Depth_003,ZED1_KSC_003134,../dl_datas\Depth_003\ZED1_KSC_003134_L.png,6.21848560911359
Depth_003,ZED1_KSC_003135,../dl_datas\Depth_003\ZED1_KSC_003135_L.png,6.771177514402807
Depth_003,ZED1_KSC_003136,../dl_datas\Depth_003\ZED1_KSC_003136_L.png,7.208350565430423
Depth_003,ZED1_KSC_003137,../dl_datas\Depth_003\ZED1_KSC_003137_L.png,8.486166823377726
Depth_003,ZED1_KSC_003138,../dl_datas\Depth_003\ZED1_KSC_003138_L.png,8.794373119819808
Depth_003,ZED1_KSC_003139,../dl_datas\Depth_003\ZED1_KSC_003139_L.png,8.589222332875126
Depth_003,ZED1_KSC_003141,../dl_datas\Depth_003\ZED1_KSC_003141_L.png,7.596803147468274
Depth_003,ZED1_KSC_003142,../dl_datas\Depth_003\ZED1_KSC_003142_L.png,7.072712100971521
Depth_003,ZED1_KSC_003143,../dl_datas\Depth_003\ZED1_KSC_003143_L.png,3.0171393666316355
Depth_003,ZED1_KSC_003145,../dl_datas\Depth_003\ZED1_KSC_003145_L.png,8.3107548576267
Depth_003,ZED1_KSC_003146,../dl_datas\Depth_003\ZED1_KSC_003146_L.png,8.449151889795905
Depth_003,ZED1_KSC_003147,../dl_datas\Depth_003\ZED1_KSC_003147_L.png,8.218311574436106
Depth_003,ZED1_KSC_003148,../dl_datas\Depth_003\ZED1_KSC_003148_L.png,6.916875193650079
Depth_003,ZED1_KSC_003149,../dl_datas\Depth_003\ZED1_KSC_003149_L.png,7.0528253504010365
Depth_003,ZED1_KSC_003150,../dl_datas\Depth_003\ZED1_KSC_003150_L.png,5.754012122468686
Depth_003,ZED1_KSC_003152,../dl_datas\Depth_003\ZED1_KSC_003152_L.png,4.862926997463799
Depth_003,ZED1_KSC_003153,../dl_datas\Depth_003\ZED1_KSC_003153_L.png,4.521383862932095
Depth_003,ZED1_KSC_003154,../dl_datas\Depth_003\ZED1_KSC_003154_L.png,1.7977650660272586
Depth_003,ZED1_KSC_003155,../dl_datas\Depth_003\ZED1_KSC_003155_L.png,7.0309299264743945
Depth_003,ZED1_KSC_003156,../dl_datas\Depth_003\ZED1_KSC_003156_L.png,6.473992830336447
Depth_003,ZED1_KSC_003157,../dl_datas\Depth_003\ZED1_KSC_003157_L.png,7.113919226660883
Depth_003,ZED1_KSC_003158,../dl_datas\Depth_003\ZED1_KSC_003158_L.png,8.902782393404205
Depth_003,ZED1_KSC_003159,../dl_datas\Depth_003\ZED1_KSC_003159_L.png,8.312928260811892
Depth_003,ZED1_KSC_003160,../dl_datas\Depth_003\ZED1_KSC_003160_L.png,7.936397526884593
Depth_003,ZED1_KSC_003161,../dl_datas\Depth_003\ZED1_KSC_003161_L.png,6.502462261994353
Depth_003,ZED1_KSC_003162,../dl_datas\Depth_003\ZED1_KSC_003162_L.png,6.741190644534809
Depth_003,ZED1_KSC_003163,../dl_datas\Depth_003\ZED1_KSC_003163_L.png,6.918576446783588
Depth_003,ZED1_KSC_003164,../dl_datas\Depth_003\ZED1_KSC_003164_L.png,6.959817872794221
Depth_003,ZED1_KSC_003166,../dl_datas\Depth_003\ZED1_KSC_003166_L.png,9.464148439299361
Depth_003,ZED1_KSC_003167,../dl_datas\Depth_003\ZED1_KSC_003167_L.png,7.063053431830284
Depth_003,ZED1_KSC_003168,../dl_datas\Depth_003\ZED1_KSC_003168_L.png,10.568740134644791
Depth_003,ZED1_KSC_003169,../dl_datas\Depth_003\ZED1_KSC_003169_L.png,6.500773282433338
Depth_003,ZED1_KSC_003170,../dl_datas\Depth_003\ZED1_KSC_003170_L.png,7.227567305353925
Depth_003,ZED1_KSC_003171,../dl_datas\Depth_003\ZED1_KSC_003171_L.png,7.093068871644672
Depth_003,ZED1_KSC_003172,../dl_datas\Depth_003\ZED1_KSC_003172_L.png,7.491690725926559
Depth_003,ZED1_KSC_003173,../dl_datas\Depth_003\ZED1_KSC_003173_L.png,6.559032007635556
Depth_003,ZED1_KSC_003174,../dl_datas\Depth_003\ZED1_KSC_003174_L.png,6.521132572234557
Depth_003,ZED1_KSC_003175,../dl_datas\Depth_003\ZED1_KSC_003175_L.png,9.891772149282506
Depth_003,ZED1_KSC_003176,../dl_datas\Depth_003\ZED1_KSC_003176_L.png,1.4646012735169525
Depth_003,ZED1_KSC_003178,../dl_datas\Depth_003\ZED1_KSC_003178_L.png,2.2184968132024068
Depth_003,ZED1_KSC_003179,../dl_datas\Depth_003\ZED1_KSC_003179_L.png,7.524361035364761
Depth_003,ZED1_KSC_003180,../dl_datas\Depth_003\ZED1_KSC_003180_L.png,6.703965438073858
Depth_003,ZED1_KSC_003181,../dl_datas\Depth_003\ZED1_KSC_003181_L.png,3.8981742053314825
Depth_003,ZED1_KSC_003182,../dl_datas\Depth_003\ZED1_KSC_003182_L.png,4.363991662286316
Depth_003,ZED1_KSC_003183,../dl_datas\Depth_003\ZED1_KSC_003183_L.png,0.8376675559445427
Depth_003,ZED1_KSC_003185,../dl_datas\Depth_003\ZED1_KSC_003185_L.png,3.1697179630697656
Depth_003,ZED1_KSC_003186,../dl_datas\Depth_003\ZED1_KSC_003186_L.png,9.115247423212047
Depth_003,ZED1_KSC_003187,../dl_datas\Depth_003\ZED1_KSC_003187_L.png,2.5519795666385803
Depth_003,ZED1_KSC_003188,../dl_datas\Depth_003\ZED1_KSC_003188_L.png,3.505093064461889
Depth_003,ZED1_KSC_003189,../dl_datas\Depth_003\ZED1_KSC_003189_L.png,4.894929522230148
Depth_003,ZED1_KSC_003190,../dl_datas\Depth_003\ZED1_KSC_003190_L.png,4.807623517615074
Depth_003,ZED1_KSC_003191,../dl_datas\Depth_003\ZED1_KSC_003191_L.png,5.97517261394751
Depth_003,ZED1_KSC_003192,../dl_datas\Depth_003\ZED1_KSC_003192_L.png,7.515932556241209
Depth_003,ZED1_KSC_003193,../dl_datas\Depth_003\ZED1_KSC_003193_L.png,2.7753043615503725
Depth_003,ZED1_KSC_003194,../dl_datas\Depth_003\ZED1_KSC_003194_L.png,8.57416308350967
Depth_003,ZED1_KSC_003195,../dl_datas\Depth_003\ZED1_KSC_003195_L.png,6.799388796583807
Depth_003,ZED1_KSC_003196,../dl_datas\Depth_003\ZED1_KSC_003196_L.png,7.730733976496376
Depth_003,ZED1_KSC_003197,../dl_datas\Depth_003\ZED1_KSC_003197_L.png,7.804365205034728
Depth_003,ZED1_KSC_003198,../dl_datas\Depth_003\ZED1_KSC_003198_L.png,7.032603724042846
Depth_003,ZED1_KSC_003199,../dl_datas\Depth_003\ZED1_KSC_003199_L.png,8.145482107586822
Depth_003,ZED1_KSC_003200,../dl_datas\Depth_003\ZED1_KSC_003200_L.png,7.396294641012892
Depth_003,ZED1_KSC_003201,../dl_datas\Depth_003\ZED1_KSC_003201_L.png,7.149294591880507
Depth_003,ZED1_KSC_003202,../dl_datas\Depth_003\ZED1_KSC_003202_L.png,7.5940644036153895
Depth_003,ZED1_KSC_003203,../dl_datas\Depth_003\ZED1_KSC_003203_L.png,7.094119750535437
Depth_003,ZED1_KSC_003204,../dl_datas\Depth_003\ZED1_KSC_003204_L.png,3.6197973272707418
Depth_003,ZED1_KSC_003206,../dl_datas\Depth_003\ZED1_KSC_003206_L.png,8.008443852568995
Depth_003,ZED1_KSC_003207,../dl_datas\Depth_003\ZED1_KSC_003207_L.png,8.251096654721826
Depth_003,ZED1_KSC_003208,../dl_datas\Depth_003\ZED1_KSC_003208_L.png,3.9777874130352218
Depth_003,ZED1_KSC_003209,../dl_datas\Depth_003\ZED1_KSC_003209_L.png,5.395502709640164
Depth_003,ZED1_KSC_003210,../dl_datas\Depth_003\ZED1_KSC_003210_L.png,4.386196203134512
Depth_003,ZED1_KSC_003211,../dl_datas\Depth_003\ZED1_KSC_003211_L.png,5.348153316547945
Depth_003,ZED1_KSC_003212,../dl_datas\Depth_003\ZED1_KSC_003212_L.png,8.539458980045502
Depth_003,ZED1_KSC_003213,../dl_datas\Depth_003\ZED1_KSC_003213_L.png,3.6627619015728534
Depth_003,ZED1_KSC_003214,../dl_datas\Depth_003\ZED1_KSC_003214_L.png,4.749946120513807
Depth_003,ZED1_KSC_003215,../dl_datas\Depth_003\ZED1_KSC_003215_L.png,3.112692641693539
Depth_003,ZED1_KSC_003216,../dl_datas\Depth_003\ZED1_KSC_003216_L.png,5.200967044898018
Depth_003,ZED1_KSC_003217,../dl_datas\Depth_003\ZED1_KSC_003217_L.png,5.738526683114714
Depth_003,ZED1_KSC_003218,../dl_datas\Depth_003\ZED1_KSC_003218_L.png,11.845964092363728
Depth_003,ZED1_KSC_003219,../dl_datas\Depth_003\ZED1_KSC_003219_L.png,5.367792900803091
Depth_003,ZED1_KSC_003220,../dl_datas\Depth_003\ZED1_KSC_003220_L.png,4.353746817558531
Depth_003,ZED1_KSC_003221,../dl_datas\Depth_003\ZED1_KSC_003221_L.png,6.631552818117337
Depth_003,ZED1_KSC_003222,../dl_datas\Depth_003\ZED1_KSC_003222_L.png,5.050202790768223
Depth_003,ZED1_KSC_003223,../dl_datas\Depth_003\ZED1_KSC_003223_L.png,4.805585694420275
Depth_003,ZED1_KSC_003224,../dl_datas\Depth_003\ZED1_KSC_003224_L.png,4.966725472873295
Depth_003,ZED1_KSC_003225,../dl_datas\Depth_003\ZED1_KSC_003225_L.png,5.269980671599937
Depth_003,ZED1_KSC_003226,../dl_datas\Depth_003\ZED1_KSC_003226_L.png,5.190445479355646
Depth_003,ZED1_KSC_003227,../dl_datas\Depth_003\ZED1_KSC_003227_L.png,9.723200940921483
Depth_003,ZED1_KSC_003228,../dl_datas\Depth_003\ZED1_KSC_003228_L.png,5.155180924427894
Depth_003,ZED1_KSC_003229,../dl_datas\Depth_003\ZED1_KSC_003229_L.png,6.3031003478668275
Depth_003,ZED1_KSC_003230,../dl_datas\Depth_003\ZED1_KSC_003230_L.png,5.651248676516787
Depth_003,ZED1_KSC_003231,../dl_datas\Depth_003\ZED1_KSC_003231_L.png,8.234279198877907
Depth_003,ZED1_KSC_003232,../dl_datas\Depth_003\ZED1_KSC_003232_L.png,5.550790929003926
Depth_003,ZED1_KSC_003233,../dl_datas\Depth_003\ZED1_KSC_003233_L.png,4.950565974463547
Depth_003,ZED1_KSC_003235,../dl_datas\Depth_003\ZED1_KSC_003235_L.png,7.670279423721858
Depth_003,ZED1_KSC_003236,../dl_datas\Depth_003\ZED1_KSC_003236_L.png,6.295599299259543
Depth_003,ZED1_KSC_003237,../dl_datas\Depth_003\ZED1_KSC_003237_L.png,4.8024457594698085
Depth_003,ZED1_KSC_003238,../dl_datas\Depth_003\ZED1_KSC_003238_L.png,4.5866756675875235
Depth_003,ZED1_KSC_003239,../dl_datas\Depth_003\ZED1_KSC_003239_L.png,5.656760197089632
Depth_003,ZED1_KSC_003240,../dl_datas\Depth_003\ZED1_KSC_003240_L.png,5.643961087919992
Depth_003,ZED1_KSC_003241,../dl_datas\Depth_003\ZED1_KSC_003241_L.png,5.8496527803662035
Depth_003,ZED1_KSC_003242,../dl_datas\Depth_003\ZED1_KSC_003242_L.png,5.789736039054995
Depth_003,ZED1_KSC_003243,../dl_datas\Depth_003\ZED1_KSC_003243_L.png,5.831765701223211
Depth_003,ZED1_KSC_003244,../dl_datas\Depth_003\ZED1_KSC_003244_L.png,5.384777936741165
Depth_003,ZED1_KSC_003245,../dl_datas\Depth_003\ZED1_KSC_003245_L.png,7.339652134911379
Depth_003,ZED1_KSC_003246,../dl_datas\Depth_003\ZED1_KSC_003246_L.png,5.441793223504077
Depth_003,ZED1_KSC_003247,../dl_datas\Depth_003\ZED1_KSC_003247_L.png,5.017782516347236
Depth_003,ZED1_KSC_003248,../dl_datas\Depth_003\ZED1_KSC_003248_L.png,1.2857269562557698
Depth_003,ZED1_KSC_003249,../dl_datas\Depth_003\ZED1_KSC_003249_L.png,6.015650689148239
Depth_003,ZED1_KSC_003250,../dl_datas\Depth_003\ZED1_KSC_003250_L.png,5.315775985134471
Depth_003,ZED1_KSC_003251,../dl_datas\Depth_003\ZED1_KSC_003251_L.png,5.685410095638237
Depth_003,ZED1_KSC_003252,../dl_datas\Depth_003\ZED1_KSC_003252_L.png,9.460533908045537
Depth_003,ZED1_KSC_003253,../dl_datas\Depth_003\ZED1_KSC_003253_L.png,5.891822068340456
Depth_003,ZED1_KSC_003254,../dl_datas\Depth_003\ZED1_KSC_003254_L.png,5.613843748942077
Depth_003,ZED1_KSC_003255,../dl_datas\Depth_003\ZED1_KSC_003255_L.png,6.016856278292141
Depth_003,ZED1_KSC_003256,../dl_datas\Depth_003\ZED1_KSC_003256_L.png,4.658879999804685
Depth_003,ZED1_KSC_003257,../dl_datas\Depth_003\ZED1_KSC_003257_L.png,4.760204198304547
Depth_003,ZED1_KSC_003258,../dl_datas\Depth_003\ZED1_KSC_003258_L.png,4.706443808741279
Depth_003,ZED1_KSC_003260,../dl_datas\Depth_003\ZED1_KSC_003260_L.png,4.902048414729082
Depth_003,ZED1_KSC_003261,../dl_datas\Depth_003\ZED1_KSC_003261_L.png,5.451867037179656
Depth_003,ZED1_KSC_003262,../dl_datas\Depth_003\ZED1_KSC_003262_L.png,7.97198445792288
Depth_003,ZED1_KSC_003263,../dl_datas\Depth_003\ZED1_KSC_003263_L.png,3.3145799903302477
Depth_003,ZED1_KSC_003264,../dl_datas\Depth_003\ZED1_KSC_003264_L.png,2.1759184830857374
Depth_003,ZED1_KSC_003265,../dl_datas\Depth_003\ZED1_KSC_003265_L.png,5.8300849330703155
Depth_003,ZED1_KSC_003266,../dl_datas\Depth_003\ZED1_KSC_003266_L.png,5.340196591683874
Depth_003,ZED1_KSC_003267,../dl_datas\Depth_003\ZED1_KSC_003267_L.png,5.439848277219965
Depth_003,ZED1_KSC_003268,../dl_datas\Depth_003\ZED1_KSC_003268_L.png,5.647501944540475
Depth_003,ZED1_KSC_003269,../dl_datas\Depth_003\ZED1_KSC_003269_L.png,7.606897018276552
Depth_003,ZED1_KSC_003270,../dl_datas\Depth_003\ZED1_KSC_003270_L.png,7.375546688572692
Depth_003,ZED1_KSC_003272,../dl_datas\Depth_003\ZED1_KSC_003272_L.png,6.200141003811739
Depth_003,ZED1_KSC_003273,../dl_datas\Depth_003\ZED1_KSC_003273_L.png,4.945894031842631
Depth_003,ZED1_KSC_003274,../dl_datas\Depth_003\ZED1_KSC_003274_L.png,7.395445670135482
Depth_003,ZED1_KSC_003275,../dl_datas\Depth_003\ZED1_KSC_003275_L.png,6.14637490705247
Depth_003,ZED1_KSC_003276,../dl_datas\Depth_003\ZED1_KSC_003276_L.png,6.636282653795101
Depth_003,ZED1_KSC_003277,../dl_datas\Depth_003\ZED1_KSC_003277_L.png,4.996183137973586
Depth_003,ZED1_KSC_003278,../dl_datas\Depth_003\ZED1_KSC_003278_L.png,6.424067432733537
Depth_003,ZED1_KSC_003279,../dl_datas\Depth_003\ZED1_KSC_003279_L.png,7.928627320249456
Depth_003,ZED1_KSC_003281,../dl_datas\Depth_003\ZED1_KSC_003281_L.png,7.305945772276795
Depth_003,ZED1_KSC_003282,../dl_datas\Depth_003\ZED1_KSC_003282_L.png,6.185768604388365
Depth_003,ZED1_KSC_003283,../dl_datas\Depth_003\ZED1_KSC_003283_L.png,6.025548945746586
Depth_003,ZED1_KSC_003284,../dl_datas\Depth_003\ZED1_KSC_003284_L.png,2.6398976357281074
Depth_003,ZED1_KSC_003285,../dl_datas\Depth_003\ZED1_KSC_003285_L.png,4.656482774337665
Depth_003,ZED1_KSC_003286,../dl_datas\Depth_003\ZED1_KSC_003286_L.png,5.888061460992553
Depth_003,ZED1_KSC_003287,../dl_datas\Depth_003\ZED1_KSC_003287_L.png,6.302073758762062
Depth_003,ZED1_KSC_003288,../dl_datas\Depth_003\ZED1_KSC_003288_L.png,4.384856375128264
Depth_003,ZED1_KSC_003289,../dl_datas\Depth_003\ZED1_KSC_003289_L.png,6.254512521293389
Depth_003,ZED1_KSC_003290,../dl_datas\Depth_003\ZED1_KSC_003290_L.png,6.411999605446003
Depth_003,ZED1_KSC_003291,../dl_datas\Depth_003\ZED1_KSC_003291_L.png,5.383358491086757
Depth_003,ZED1_KSC_003292,../dl_datas\Depth_003\ZED1_KSC_003292_L.png,7.069771482991651
Depth_003,ZED1_KSC_003293,../dl_datas\Depth_003\ZED1_KSC_003293_L.png,7.203204778831406
Depth_003,ZED1_KSC_003294,../dl_datas\Depth_003\ZED1_KSC_003294_L.png,5.98005882005031
Depth_003,ZED1_KSC_003295,../dl_datas\Depth_003\ZED1_KSC_003295_L.png,2.818347855363471
Depth_003,ZED1_KSC_003296,../dl_datas\Depth_003\ZED1_KSC_003296_L.png,8.736981963396895
Depth_003,ZED1_KSC_003298,../dl_datas\Depth_003\ZED1_KSC_003298_L.png,5.871025558706126
Depth_003,ZED1_KSC_003299,../dl_datas\Depth_003\ZED1_KSC_003299_L.png,7.293124709870414
Depth_003,ZED1_KSC_003300,../dl_datas\Depth_003\ZED1_KSC_003300_L.png,5.906940193836261
Depth_003,ZED1_KSC_003301,../dl_datas\Depth_003\ZED1_KSC_003301_L.png,6.132036831860742
Depth_003,ZED1_KSC_003302,../dl_datas\Depth_003\ZED1_KSC_003302_L.png,5.2891687612072396
Depth_003,ZED1_KSC_003303,../dl_datas\Depth_003\ZED1_KSC_003303_L.png,6.822339962179964
Depth_003,ZED1_KSC_003304,../dl_datas\Depth_003\ZED1_KSC_003304_L.png,6.0193644357749845
Depth_003,ZED1_KSC_003305,../dl_datas\Depth_003\ZED1_KSC_003305_L.png,4.723312104565265
Depth_003,ZED1_KSC_003306,../dl_datas\Depth_003\ZED1_KSC_003306_L.png,5.241870935980712
Depth_003,ZED1_KSC_003307,../dl_datas\Depth_003\ZED1_KSC_003307_L.png,4.7091484512303
Depth_003,ZED1_KSC_003308,../dl_datas\Depth_003\ZED1_KSC_003308_L.png,6.117440959447691
Depth_003,ZED1_KSC_003309,../dl_datas\Depth_003\ZED1_KSC_003309_L.png,5.76792718347111
Depth_003,ZED1_KSC_003310,../dl_datas\Depth_003\ZED1_KSC_003310_L.png,5.396810040657548
Depth_003,ZED1_KSC_003311,../dl_datas\Depth_003\ZED1_KSC_003311_L.png,6.594544194333365
Depth_003,ZED1_KSC_003312,../dl_datas\Depth_003\ZED1_KSC_003312_L.png,6.542777622732739
Depth_003,ZED1_KSC_003313,../dl_datas\Depth_003\ZED1_KSC_003313_L.png,4.101789013911726
Depth_003,ZED1_KSC_003314,../dl_datas\Depth_003\ZED1_KSC_003314_L.png,7.750156696460243
Depth_003,ZED1_KSC_003315,../dl_datas\Depth_003\ZED1_KSC_003315_L.png,3.2393026834451755
Depth_003,ZED1_KSC_003316,../dl_datas\Depth_003\ZED1_KSC_003316_L.png,11.698982873621972
Depth_003,ZED1_KSC_003317,../dl_datas\Depth_003\ZED1_KSC_003317_L.png,6.486187656860212
Depth_003,ZED1_KSC_003318,../dl_datas\Depth_003\ZED1_KSC_003318_L.png,2.5553521117988773
Depth_003,ZED1_KSC_003319,../dl_datas\Depth_003\ZED1_KSC_003319_L.png,5.154572771059327
Depth_003,ZED1_KSC_003320,../dl_datas\Depth_003\ZED1_KSC_003320_L.png,4.724639070754115
Depth_003,ZED1_KSC_003321,../dl_datas\Depth_003\ZED1_KSC_003321_L.png,6.614319640982501
Depth_003,ZED1_KSC_003322,../dl_datas\Depth_003\ZED1_KSC_003322_L.png,8.737454087302423
Depth_003,ZED1_KSC_003323,../dl_datas\Depth_003\ZED1_KSC_003323_L.png,7.4180430103977395
Depth_003,ZED1_KSC_003324,../dl_datas\Depth_003\ZED1_KSC_003324_L.png,6.376213189116653
Depth_003,ZED1_KSC_003325,../dl_datas\Depth_003\ZED1_KSC_003325_L.png,6.371691194299926
Depth_003,ZED1_KSC_003326,../dl_datas\Depth_003\ZED1_KSC_003326_L.png,7.714901331473643
Depth_003,ZED1_KSC_003328,../dl_datas\Depth_003\ZED1_KSC_003328_L.png,12.03424177953383
Depth_003,ZED1_KSC_003329,../dl_datas\Depth_003\ZED1_KSC_003329_L.png,11.328424789402321
Depth_003,ZED1_KSC_003330,../dl_datas\Depth_003\ZED1_KSC_003330_L.png,6.528195327213556
Depth_003,ZED1_KSC_003331,../dl_datas\Depth_003\ZED1_KSC_003331_L.png,7.082911610493158
Depth_003,ZED1_KSC_003332,../dl_datas\Depth_003\ZED1_KSC_003332_L.png,7.348361765586996
Depth_003,ZED1_KSC_003333,../dl_datas\Depth_003\ZED1_KSC_003333_L.png,7.025934073002037
Depth_003,ZED1_KSC_003334,../dl_datas\Depth_003\ZED1_KSC_003334_L.png,7.727458274760776
Depth_003,ZED1_KSC_003335,../dl_datas\Depth_003\ZED1_KSC_003335_L.png,5.077171291121421
Depth_003,ZED1_KSC_003336,../dl_datas\Depth_003\ZED1_KSC_003336_L.png,8.60685729133914
Depth_003,ZED1_KSC_003337,../dl_datas\Depth_003\ZED1_KSC_003337_L.png,8.108496893743105
Depth_003,ZED1_KSC_003338,../dl_datas\Depth_003\ZED1_KSC_003338_L.png,8.326546433145317
Depth_003,ZED1_KSC_003339,../dl_datas\Depth_003\ZED1_KSC_003339_L.png,6.992070071336833
Depth_003,ZED1_KSC_003340,../dl_datas\Depth_003\ZED1_KSC_003340_L.png,7.037566992939835
Depth_003,ZED1_KSC_003341,../dl_datas\Depth_003\ZED1_KSC_003341_L.png,6.520861932310782
Depth_003,ZED1_KSC_003342,../dl_datas\Depth_003\ZED1_KSC_003342_L.png,6.178284333577241
Depth_003,ZED1_KSC_003343,../dl_datas\Depth_003\ZED1_KSC_003343_L.png,6.595852501327219
Depth_003,ZED1_KSC_003344,../dl_datas\Depth_003\ZED1_KSC_003344_L.png,7.063942133875982
Depth_003,ZED1_KSC_003345,../dl_datas\Depth_003\ZED1_KSC_003345_L.png,7.942059570525178
Depth_003,ZED1_KSC_003346,../dl_datas\Depth_003\ZED1_KSC_003346_L.png,4.867195395630401
Depth_003,ZED1_KSC_003347,../dl_datas\Depth_003\ZED1_KSC_003347_L.png,6.491264619205531
Depth_003,ZED1_KSC_003348,../dl_datas\Depth_003\ZED1_KSC_003348_L.png,6.460014808847495
Depth_003,ZED1_KSC_003349,../dl_datas\Depth_003\ZED1_KSC_003349_L.png,6.7290479023230505
Depth_003,ZED1_KSC_003350,../dl_datas\Depth_003\ZED1_KSC_003350_L.png,6.510087392044619
Depth_003,ZED1_KSC_003352,../dl_datas\Depth_003\ZED1_KSC_003352_L.png,7.440545732713193
Depth_003,ZED1_KSC_003353,../dl_datas\Depth_003\ZED1_KSC_003353_L.png,7.123591896141224
Depth_003,ZED1_KSC_003354,../dl_datas\Depth_003\ZED1_KSC_003354_L.png,8.49724471315677
Depth_003,ZED1_KSC_003355,../dl_datas\Depth_003\ZED1_KSC_003355_L.png,8.476997633238128
Depth_003,ZED1_KSC_003356,../dl_datas\Depth_003\ZED1_KSC_003356_L.png,7.770112155535283
Depth_003,ZED1_KSC_003357,../dl_datas\Depth_003\ZED1_KSC_003357_L.png,5.498896235494667
Depth_003,ZED1_KSC_003358,../dl_datas\Depth_003\ZED1_KSC_003358_L.png,8.210160754346246
Depth_003,ZED1_KSC_003359,../dl_datas\Depth_003\ZED1_KSC_003359_L.png,7.692711831266055
Depth_003,ZED1_KSC_003360,../dl_datas\Depth_003\ZED1_KSC_003360_L.png,7.599954072140017
Depth_003,ZED1_KSC_003361,../dl_datas\Depth_003\ZED1_KSC_003361_L.png,8.358909948991071
Depth_003,ZED1_KSC_003362,../dl_datas\Depth_003\ZED1_KSC_003362_L.png,8.10311999718445
Depth_003,ZED1_KSC_003363,../dl_datas\Depth_003\ZED1_KSC_003363_L.png,7.261878677342671
Depth_003,ZED1_KSC_003364,../dl_datas\Depth_003\ZED1_KSC_003364_L.png,7.5499022511753155
Depth_003,ZED1_KSC_003365,../dl_datas\Depth_003\ZED1_KSC_003365_L.png,7.5385091592628966
Depth_003,ZED1_KSC_003366,../dl_datas\Depth_003\ZED1_KSC_003366_L.png,7.437960836983446
Depth_003,ZED1_KSC_003367,../dl_datas\Depth_003\ZED1_KSC_003367_L.png,7.046787194791296
Depth_003,ZED1_KSC_003368,../dl_datas\Depth_003\ZED1_KSC_003368_L.png,3.904649044196349
Depth_003,ZED1_KSC_003369,../dl_datas\Depth_003\ZED1_KSC_003369_L.png,6.324403373056628
Depth_003,ZED1_KSC_003370,../dl_datas\Depth_003\ZED1_KSC_003370_L.png,6.847535049969589
Depth_003,ZED1_KSC_003371,../dl_datas\Depth_003\ZED1_KSC_003371_L.png,7.150172629624233
Depth_003,ZED1_KSC_003372,../dl_datas\Depth_003\ZED1_KSC_003372_L.png,6.406125548559137
Depth_003,ZED1_KSC_003373,../dl_datas\Depth_003\ZED1_KSC_003373_L.png,13.37254865456694
Depth_003,ZED1_KSC_003374,../dl_datas\Depth_003\ZED1_KSC_003374_L.png,4.497406877175596
Depth_003,ZED1_KSC_003375,../dl_datas\Depth_003\ZED1_KSC_003375_L.png,7.942479736996887
Depth_003,ZED1_KSC_003377,../dl_datas\Depth_003\ZED1_KSC_003377_L.png,3.05415533825882
Depth_003,ZED1_KSC_003378,../dl_datas\Depth_003\ZED1_KSC_003378_L.png,5.6029060386293095
Depth_003,ZED1_KSC_003379,../dl_datas\Depth_003\ZED1_KSC_003379_L.png,5.383358491086757
Depth_003,ZED1_KSC_003380,../dl_datas\Depth_003\ZED1_KSC_003380_L.png,4.564242858796041
Depth_003,ZED1_KSC_003381,../dl_datas\Depth_003\ZED1_KSC_003381_L.png,5.007111830827189
Depth_003,ZED1_KSC_003382,../dl_datas\Depth_003\ZED1_KSC_003382_L.png,4.9229057464362365
Depth_003,ZED1_KSC_003383,../dl_datas\Depth_003\ZED1_KSC_003383_L.png,4.171055345252486
Depth_003,ZED1_KSC_003384,../dl_datas\Depth_003\ZED1_KSC_003384_L.png,4.8084384056434635
Depth_003,ZED1_KSC_003385,../dl_datas\Depth_003\ZED1_KSC_003385_L.png,4.235494435224993
Depth_003,ZED1_KSC_003386,../dl_datas\Depth_003\ZED1_KSC_003386_L.png,3.5652410191652266
Depth_003,ZED1_KSC_003387,../dl_datas\Depth_003\ZED1_KSC_003387_L.png,3.4229683455387088
Depth_003,ZED1_KSC_003388,../dl_datas\Depth_003\ZED1_KSC_003388_L.png,2.023230336004085
Depth_003,ZED1_KSC_003389,../dl_datas\Depth_003\ZED1_KSC_003389_L.png,3.5677114860649985
Depth_003,ZED1_KSC_003390,../dl_datas\Depth_003\ZED1_KSC_003390_L.png,3.40427079078027
Depth_003,ZED1_KSC_003391,../dl_datas\Depth_003\ZED1_KSC_003391_L.png,4.771015139862938
Depth_003,ZED1_KSC_003392,../dl_datas\Depth_003\ZED1_KSC_003392_L.png,4.204399769855767
Depth_003,ZED1_KSC_003393,../dl_datas\Depth_003\ZED1_KSC_003393_L.png,4.30261259386687
Depth_003,ZED1_KSC_003394,../dl_datas\Depth_003\ZED1_KSC_003394_L.png,2.9528701630672565
Depth_003,ZED1_KSC_003395,../dl_datas\Depth_003\ZED1_KSC_003395_L.png,4.177623598867911
Depth_003,ZED1_KSC_003396,../dl_datas\Depth_003\ZED1_KSC_003396_L.png,3.397016586243898
Depth_003,ZED1_KSC_003397,../dl_datas\Depth_003\ZED1_KSC_003397_L.png,2.052998367304098
Depth_003,ZED1_KSC_003398,../dl_datas\Depth_003\ZED1_KSC_003398_L.png,3.2720155856353688
Depth_003,ZED1_KSC_003399,../dl_datas\Depth_003\ZED1_KSC_003399_L.png,4.936735342462208
Depth_003,ZED1_KSC_003400,../dl_datas\Depth_003\ZED1_KSC_003400_L.png,3.680041582294301
Depth_003,ZED1_KSC_003401,../dl_datas\Depth_003\ZED1_KSC_003401_L.png,4.4362806734381826
Depth_003,ZED1_KSC_003402,../dl_datas\Depth_003\ZED1_KSC_003402_L.png,3.4913807078085357
Depth_003,ZED1_KSC_003403,../dl_datas\Depth_003\ZED1_KSC_003403_L.png,4.546225700627045
Depth_003,ZED1_KSC_003404,../dl_datas\Depth_003\ZED1_KSC_003404_L.png,5.404393594562701
Depth_003,ZED1_KSC_003405,../dl_datas\Depth_003\ZED1_KSC_003405_L.png,2.050709170997452
Depth_003,ZED1_KSC_003406,../dl_datas\Depth_003\ZED1_KSC_003406_L.png,5.630958959248904
Depth_003,ZED1_KSC_003407,../dl_datas\Depth_003\ZED1_KSC_003407_L.png,7.0706870888365785
Depth_003,ZED1_KSC_003408,../dl_datas\Depth_003\ZED1_KSC_003408_L.png,9.630433530816205
Depth_003,ZED1_KSC_003409,../dl_datas\Depth_003\ZED1_KSC_003409_L.png,9.307383224584049
Depth_003,ZED1_KSC_003410,../dl_datas\Depth_003\ZED1_KSC_003410_L.png,6.329206848278126
Depth_003,ZED1_KSC_003411,../dl_datas\Depth_003\ZED1_KSC_003411_L.png,8.64470153420242
Depth_003,ZED1_KSC_003412,../dl_datas\Depth_003\ZED1_KSC_003412_L.png,6.76807756005249
Depth_003,ZED1_KSC_003413,../dl_datas\Depth_003\ZED1_KSC_003413_L.png,10.852624469516911
Depth_003,ZED1_KSC_003414,../dl_datas\Depth_003\ZED1_KSC_003414_L.png,8.892780346824305
Depth_003,ZED1_KSC_003415,../dl_datas\Depth_003\ZED1_KSC_003415_L.png,7.008546631848621
Depth_003,ZED1_KSC_003416,../dl_datas\Depth_003\ZED1_KSC_003416_L.png,1.520456189552732
Depth_003,ZED1_KSC_003417,../dl_datas\Depth_003\ZED1_KSC_003417_L.png,1.7377625668179373
Depth_003,ZED1_KSC_003418,../dl_datas\Depth_003\ZED1_KSC_003418_L.png,5.015048602066416
Depth_003,ZED1_KSC_003419,../dl_datas\Depth_003\ZED1_KSC_003419_L.png,7.674934776226587
Depth_003,ZED1_KSC_003420,../dl_datas\Depth_003\ZED1_KSC_003420_L.png,10.035502782683954
Depth_003,ZED1_KSC_003421,../dl_datas\Depth_003\ZED1_KSC_003421_L.png,4.011856826847988
Depth_003,ZED1_KSC_003422,../dl_datas\Depth_003\ZED1_KSC_003422_L.png,5.435595794771932
Depth_003,ZED1_KSC_003423,../dl_datas\Depth_003\ZED1_KSC_003423_L.png,8.361188351118757
Depth_003,ZED1_KSC_003424,../dl_datas\Depth_003\ZED1_KSC_003424_L.png,5.163611680875606
Depth_003,ZED1_KSC_003425,../dl_datas\Depth_003\ZED1_KSC_003425_L.png,5.078020195048773
Depth_003,ZED1_KSC_003426,../dl_datas\Depth_003\ZED1_KSC_003426_L.png,1.7278239144093164
Depth_003,ZED1_KSC_003427,../dl_datas\Depth_003\ZED1_KSC_003427_L.png,1.9273214049840581
Depth_003,ZED1_KSC_003428,../dl_datas\Depth_003\ZED1_KSC_003428_L.png,4.287793150145633
Depth_003,ZED1_KSC_003429,../dl_datas\Depth_003\ZED1_KSC_003429_L.png,4.55005868927342
Depth_003,ZED1_KSC_003430,../dl_datas\Depth_003\ZED1_KSC_003430_L.png,3.409270648522698
Depth_003,ZED1_KSC_003431,../dl_datas\Depth_003\ZED1_KSC_003431_L.png,4.396365578061991
Depth_003,ZED1_KSC_003432,../dl_datas\Depth_003\ZED1_KSC_003432_L.png,2.270382254760363
Depth_003,ZED1_KSC_003433,../dl_datas\Depth_003\ZED1_KSC_003433_L.png,5.377968478347367
Depth_003,ZED1_KSC_003434,../dl_datas\Depth_003\ZED1_KSC_003434_L.png,4.097776519170486
Depth_003,ZED1_KSC_003435,../dl_datas\Depth_003\ZED1_KSC_003435_L.png,2.7782651165269616
Depth_003,ZED1_KSC_003436,../dl_datas\Depth_003\ZED1_KSC_003436_L.png,2.2055788641542646
Depth_003,ZED1_KSC_003437,../dl_datas\Depth_003\ZED1_KSC_003437_L.png,5.411423391629684
Depth_003,ZED1_KSC_003438,../dl_datas\Depth_003\ZED1_KSC_003438_L.png,3.9522535115776836
Depth_003,ZED1_KSC_003439,../dl_datas\Depth_003\ZED1_KSC_003439_L.png,4.141842382352345
Depth_003,ZED1_KSC_003440,../dl_datas\Depth_003\ZED1_KSC_003440_L.png,2.507411818590088
Depth_003,ZED1_KSC_003441,../dl_datas\Depth_003\ZED1_KSC_003441_L.png,5.275814973196952
Depth_003,ZED1_KSC_003442,../dl_datas\Depth_003\ZED1_KSC_003442_L.png,2.74844294094771
Depth_003,ZED1_KSC_003443,../dl_datas\Depth_003\ZED1_KSC_003443_L.png,1.8511834061951378
Depth_003,ZED1_KSC_003444,../dl_datas\Depth_003\ZED1_KSC_003444_L.png,0.9885356589859353
Depth_003,ZED1_KSC_003445,../dl_datas\Depth_003\ZED1_KSC_003445_L.png,3.895963275848182
Depth_003,ZED1_KSC_003446,../dl_datas\Depth_003\ZED1_KSC_003446_L.png,5.065349096672073
Depth_003,ZED1_KSC_003447,../dl_datas\Depth_003\ZED1_KSC_003447_L.png,5.383431292249176
Depth_003,ZED1_KSC_003448,../dl_datas\Depth_003\ZED1_KSC_003448_L.png,5.858994112382678
Depth_003,ZED1_KSC_003449,../dl_datas\Depth_003\ZED1_KSC_003449_L.png,2.5668161444938353
Depth_003,ZED1_KSC_003450,../dl_datas\Depth_003\ZED1_KSC_003450_L.png,6.036015646645902
Depth_003,ZED1_KSC_003451,../dl_datas\Depth_003\ZED1_KSC_003451_L.png,5.007737844638855
Depth_003,ZED1_KSC_003452,../dl_datas\Depth_003\ZED1_KSC_003452_L.png,6.4625943649653514
Depth_003,ZED1_KSC_003453,../dl_datas\Depth_003\ZED1_KSC_003453_L.png,6.108782291358443
Depth_003,ZED1_KSC_003454,../dl_datas\Depth_003\ZED1_KSC_003454_L.png,5.6494103119856325
Depth_003,ZED1_KSC_003455,../dl_datas\Depth_003\ZED1_KSC_003455_L.png,7.016546824601518
Depth_003,ZED1_KSC_003456,../dl_datas\Depth_003\ZED1_KSC_003456_L.png,8.233349194983317
Depth_003,ZED1_KSC_003457,../dl_datas\Depth_003\ZED1_KSC_003457_L.png,6.2940107989923
Depth_003,ZED1_KSC_003458,../dl_datas\Depth_003\ZED1_KSC_003458_L.png,5.025156674471145
Depth_003,ZED1_KSC_003459,../dl_datas\Depth_003\ZED1_KSC_003459_L.png,7.279095328495892
Depth_003,ZED1_KSC_003460,../dl_datas\Depth_003\ZED1_KSC_003460_L.png,8.753177092234248
Depth_003,ZED1_KSC_003461,../dl_datas\Depth_003\ZED1_KSC_003461_L.png,5.239702419925674
Depth_003,ZED1_KSC_003462,../dl_datas\Depth_003\ZED1_KSC_003462_L.png,5.74374999284749
Depth_003,ZED1_KSC_003463,../dl_datas\Depth_003\ZED1_KSC_003463_L.png,7.0024704876218555
Depth_003,ZED1_KSC_003464,../dl_datas\Depth_003\ZED1_KSC_003464_L.png,5.634334041591795
Depth_003,ZED1_KSC_003465,../dl_datas\Depth_003\ZED1_KSC_003465_L.png,3.0635631698140324
Depth_003,ZED1_KSC_003466,../dl_datas\Depth_003\ZED1_KSC_003466_L.png,5.037773039994623
Depth_003,ZED1_KSC_003467,../dl_datas\Depth_003\ZED1_KSC_003467_L.png,4.078711369295778
Depth_003,ZED1_KSC_003468,../dl_datas\Depth_003\ZED1_KSC_003468_L.png,10.156580778734728
Depth_003,ZED1_KSC_003469,../dl_datas\Depth_003\ZED1_KSC_003469_L.png,6.816386388443027
Depth_003,ZED1_KSC_003470,../dl_datas\Depth_003\ZED1_KSC_003470_L.png,81.48294917057285
Depth_003,ZED1_KSC_003471,../dl_datas\Depth_003\ZED1_KSC_003471_L.png,2.276236752838096
Depth_003,ZED1_KSC_003472,../dl_datas\Depth_003\ZED1_KSC_003472_L.png,10.194739636947553
Depth_003,ZED1_KSC_003473,../dl_datas\Depth_003\ZED1_KSC_003473_L.png,3.008627702306988
Depth_003,ZED1_KSC_003474,../dl_datas\Depth_003\ZED1_KSC_003474_L.png,4.232025024491539
Depth_003,ZED1_KSC_003475,../dl_datas\Depth_003\ZED1_KSC_003475_L.png,6.420312024725361
Depth_003,ZED1_KSC_003476,../dl_datas\Depth_003\ZED1_KSC_003476_L.png,3.2150978548915843
Depth_003,ZED1_KSC_003477,../dl_datas\Depth_003\ZED1_KSC_003477_L.png,5.0374619042822335
Depth_003,ZED1_KSC_003478,../dl_datas\Depth_003\ZED1_KSC_003478_L.png,4.352352019443173
Depth_003,ZED1_KSC_003479,../dl_datas\Depth_003\ZED1_KSC_003479_L.png,4.9522278083616635
Depth_003,ZED1_KSC_003480,../dl_datas\Depth_003\ZED1_KSC_003480_L.png,3.9181664522441846
Depth_003,ZED1_KSC_003481,../dl_datas\Depth_003\ZED1_KSC_003481_L.png,3.866245416510042
Depth_003,ZED1_KSC_003482,../dl_datas\Depth_003\ZED1_KSC_003482_L.png,2.447846177817698
Depth_003,ZED1_KSC_003483,../dl_datas\Depth_003\ZED1_KSC_003483_L.png,4.200485125197124
Depth_003,ZED1_KSC_003484,../dl_datas\Depth_003\ZED1_KSC_003484_L.png,3.4039257026161427
Depth_003,ZED1_KSC_003485,../dl_datas\Depth_003\ZED1_KSC_003485_L.png,7.311100139483267
Depth_003,ZED1_KSC_003486,../dl_datas\Depth_003\ZED1_KSC_003486_L.png,4.5318123751029145
Depth_003,ZED1_KSC_003487,../dl_datas\Depth_003\ZED1_KSC_003487_L.png,5.417539874752173
Depth_003,ZED1_KSC_003488,../dl_datas\Depth_003\ZED1_KSC_003488_L.png,4.477896850169544
Depth_003,ZED1_KSC_003489,../dl_datas\Depth_003\ZED1_KSC_003489_L.png,8.710570151617345
Depth_003,ZED1_KSC_003490,../dl_datas\Depth_003\ZED1_KSC_003490_L.png,4.879416179383547
Depth_003,ZED1_KSC_003491,../dl_datas\Depth_003\ZED1_KSC_003491_L.png,3.050178717426198
Depth_003,ZED1_KSC_003492,../dl_datas\Depth_003\ZED1_KSC_003492_L.png,6.647414081492437
Depth_003,ZED1_KSC_003493,../dl_datas\Depth_003\ZED1_KSC_003493_L.png,4.087440619577675
Depth_003,ZED1_KSC_003494,../dl_datas\Depth_003\ZED1_KSC_003494_L.png,4.948586874936402
Depth_003,ZED1_KSC_003495,../dl_datas\Depth_003\ZED1_KSC_003495_L.png,4.545450097309393
Depth_003,ZED1_KSC_003496,../dl_datas\Depth_003\ZED1_KSC_003496_L.png,3.3985147520261814
Depth_003,ZED1_KSC_003497,../dl_datas\Depth_003\ZED1_KSC_003497_L.png,3.2298001004000865
Depth_003,ZED1_KSC_003498,../dl_datas\Depth_003\ZED1_KSC_003498_L.png,6.60906975186197
Depth_003,ZED1_KSC_003499,../dl_datas\Depth_003\ZED1_KSC_003499_L.png,5.085153113690175
Depth_003,ZED1_KSC_003500,../dl_datas\Depth_003\ZED1_KSC_003500_L.png,4.50001924696674
Depth_003,ZED1_KSC_003501,../dl_datas\Depth_003\ZED1_KSC_003501_L.png,4.4507386834825455
Depth_003,ZED1_KSC_003502,../dl_datas\Depth_003\ZED1_KSC_003502_L.png,3.8061661687837223
Depth_003,ZED1_KSC_003503,../dl_datas\Depth_003\ZED1_KSC_003503_L.png,4.462166083409129
Depth_003,ZED1_KSC_003504,../dl_datas\Depth_003\ZED1_KSC_003504_L.png,4.540362312345184
Depth_003,ZED1_KSC_003505,../dl_datas\Depth_003\ZED1_KSC_003505_L.png,3.2960998718199854
Depth_003,ZED1_KSC_003506,../dl_datas\Depth_003\ZED1_KSC_003506_L.png,3.351585366077912
Depth_003,ZED1_KSC_003507,../dl_datas\Depth_003\ZED1_KSC_003507_L.png,5.995380295015058
Depth_003,ZED1_KSC_003508,../dl_datas\Depth_003\ZED1_KSC_003508_L.png,4.590645633100228
Depth_003,ZED1_KSC_003509,../dl_datas\Depth_003\ZED1_KSC_003509_L.png,3.5667235043780834
Depth_003,ZED1_KSC_003510,../dl_datas\Depth_003\ZED1_KSC_003510_L.png,8.522722615924264
Depth_003,ZED1_KSC_003511,../dl_datas\Depth_003\ZED1_KSC_003511_L.png,6.89779263148156
Depth_003,ZED1_KSC_003512,../dl_datas\Depth_003\ZED1_KSC_003512_L.png,6.645378152257573
Depth_003,ZED1_KSC_003513,../dl_datas\Depth_003\ZED1_KSC_003513_L.png,5.684065498102868
Depth_003,ZED1_KSC_003514,../dl_datas\Depth_003\ZED1_KSC_003514_L.png,4.299379467894307
Depth_003,ZED1_KSC_003515,../dl_datas\Depth_003\ZED1_KSC_003515_L.png,10.167052799521494
Depth_003,ZED1_KSC_003516,../dl_datas\Depth_003\ZED1_KSC_003516_L.png,5.585705147577839
Depth_003,ZED1_KSC_003517,../dl_datas\Depth_003\ZED1_KSC_003517_L.png,4.267602169317852
Depth_003,ZED1_KSC_003518,../dl_datas\Depth_003\ZED1_KSC_003518_L.png,5.652219647367856
Depth_003,ZED1_KSC_003519,../dl_datas\Depth_003\ZED1_KSC_003519_L.png,4.11551648989216
Depth_003,ZED1_KSC_003520,../dl_datas\Depth_003\ZED1_KSC_003520_L.png,3.6707185099960853
Depth_003,ZED1_KSC_003521,../dl_datas\Depth_003\ZED1_KSC_003521_L.png,3.738321611004791
Depth_003,ZED1_KSC_003522,../dl_datas\Depth_003\ZED1_KSC_003522_L.png,4.756045952229803
Depth_003,ZED1_KSC_003523,../dl_datas\Depth_003\ZED1_KSC_003523_L.png,5.71268183059054
Depth_003,ZED1_KSC_003524,../dl_datas\Depth_003\ZED1_KSC_003524_L.png,3.722101372458428
Depth_003,ZED1_KSC_003525,../dl_datas\Depth_003\ZED1_KSC_003525_L.png,2.476701725005181
Depth_003,ZED1_KSC_003526,../dl_datas\Depth_003\ZED1_KSC_003526_L.png,9.675423784920087
Depth_003,ZED1_KSC_003527,../dl_datas\Depth_003\ZED1_KSC_003527_L.png,8.286715285600911
Depth_003,ZED1_KSC_003528,../dl_datas\Depth_003\ZED1_KSC_003528_L.png,3.9640777942148033
Depth_003,ZED1_KSC_003529,../dl_datas\Depth_003\ZED1_KSC_003529_L.png,6.153961549964994
Depth_003,ZED1_KSC_003530,../dl_datas\Depth_003\ZED1_KSC_003530_L.png,11.628016464912081
Depth_003,ZED1_KSC_003532,../dl_datas\Depth_003\ZED1_KSC_003532_L.png,5.950681620036902
Depth_003,ZED1_KSC_003533,../dl_datas\Depth_003\ZED1_KSC_003533_L.png,7.615173860141851
Depth_003,ZED1_KSC_003534,../dl_datas\Depth_003\ZED1_KSC_003534_L.png,6.387980012120738
Depth_003,ZED1_KSC_003535,../dl_datas\Depth_003\ZED1_KSC_003535_L.png,7.023392925897493
Depth_003,ZED1_KSC_003536,../dl_datas\Depth_003\ZED1_KSC_003536_L.png,2.598947849459071
Depth_003,ZED1_KSC_003537,../dl_datas\Depth_003\ZED1_KSC_003537_L.png,5.695398461467833
Depth_003,ZED1_KSC_003538,../dl_datas\Depth_003\ZED1_KSC_003538_L.png,7.701177321731932
Depth_003,ZED1_KSC_003540,../dl_datas\Depth_003\ZED1_KSC_003540_L.png,4.90084932416731
Depth_003,ZED1_KSC_003541,../dl_datas\Depth_003\ZED1_KSC_003541_L.png,8.556713731788737
Depth_003,ZED1_KSC_003542,../dl_datas\Depth_003\ZED1_KSC_003542_L.png,11.609109216663956
Depth_003,ZED1_KSC_003543,../dl_datas\Depth_003\ZED1_KSC_003543_L.png,9.6537183435237
Depth_003,ZED1_KSC_003544,../dl_datas\Depth_003\ZED1_KSC_003544_L.png,6.9292847835680265
Depth_003,ZED1_KSC_003545,../dl_datas\Depth_003\ZED1_KSC_003545_L.png,4.187503465165629
Depth_003,ZED1_KSC_003546,../dl_datas\Depth_003\ZED1_KSC_003546_L.png,3.386453076298162
Depth_003,ZED1_KSC_003547,../dl_datas\Depth_003\ZED1_KSC_003547_L.png,6.135360870833734
Depth_003,ZED1_KSC_003549,../dl_datas\Depth_003\ZED1_KSC_003549_L.png,8.61119200500032
Depth_003,ZED1_KSC_003551,../dl_datas\Depth_003\ZED1_KSC_003551_L.png,4.088829825664717
Depth_003,ZED1_KSC_003556,../dl_datas\Depth_003\ZED1_KSC_003556_L.png,3.6501240458431283
Depth_003,ZED1_KSC_003567,../dl_datas\Depth_003\ZED1_KSC_003567_L.png,4.009610804372408
Depth_003,ZED1_KSC_003578,../dl_datas\Depth_003\ZED1_KSC_003578_L.png,5.578578130088634
Depth_003,ZED1_KSC_003588,../dl_datas\Depth_003\ZED1_KSC_003588_L.png,6.128295141123037
Depth_003,ZED1_KSC_003598,../dl_datas\Depth_003\ZED1_KSC_003598_L.png,6.141556692261067
Depth_003,ZED1_KSC_003599,../dl_datas\Depth_003\ZED1_KSC_003599_L.png,3.284795075050104
Depth_003,ZED1_KSC_003600,../dl_datas\Depth_003\ZED1_KSC_003600_L.png,2.5891385069288697
Depth_003,ZED1_KSC_003601,../dl_datas\Depth_003\ZED1_KSC_003601_L.png,3.4065704862294024
Depth_003,ZED1_KSC_003602,../dl_datas\Depth_003\ZED1_KSC_003602_L.png,10.26180283598711
Depth_003,ZED1_KSC_003604,../dl_datas\Depth_003\ZED1_KSC_003604_L.png,6.085471440547604
Depth_003,ZED1_KSC_003605,../dl_datas\Depth_003\ZED1_KSC_003605_L.png,5.2474376822427615
Depth_003,ZED1_KSC_003606,../dl_datas\Depth_003\ZED1_KSC_003606_L.png,6.4680232565483955
Depth_003,ZED1_KSC_003607,../dl_datas\Depth_003\ZED1_KSC_003607_L.png,4.690600914142637
Depth_003,ZED1_KSC_003608,../dl_datas\Depth_003\ZED1_KSC_003608_L.png,4.049026811998835
Depth_003,ZED1_KSC_003610,../dl_datas\Depth_003\ZED1_KSC_003610_L.png,4.508716237069045
Depth_003,ZED1_KSC_003619,../dl_datas\Depth_003\ZED1_KSC_003619_L.png,3.9743397984031725
Depth_003,ZED1_KSC_003624,../dl_datas\Depth_003\ZED1_KSC_003624_L.png,3.655216565536544
Depth_003,ZED1_KSC_003625,../dl_datas\Depth_003\ZED1_KSC_003625_L.png,4.017027670578843
Depth_003,ZED1_KSC_003630,../dl_datas\Depth_003\ZED1_KSC_003630_L.png,1.4712668289028998
Depth_003,ZED1_KSC_003633,../dl_datas\Depth_003\ZED1_KSC_003633_L.png,3.533577513040336
Depth_003,ZED1_KSC_003634,../dl_datas\Depth_003\ZED1_KSC_003634_L.png,2.51582837182048
Depth_003,ZED1_KSC_003638,../dl_datas\Depth_003\ZED1_KSC_003638_L.png,6.809765230702645
Depth_003,ZED1_KSC_003639,../dl_datas\Depth_003\ZED1_KSC_003639_L.png,6.2614989963385135
Depth_003,ZED1_KSC_003640,../dl_datas\Depth_003\ZED1_KSC_003640_L.png,4.164335667049778
Depth_003,ZED1_KSC_003646,../dl_datas\Depth_003\ZED1_KSC_003646_L.png,4.569561311691393
Depth_003,ZED1_KSC_003652,../dl_datas\Depth_003\ZED1_KSC_003652_L.png,4.660183237445458
Depth_003,ZED1_KSC_003656,../dl_datas\Depth_003\ZED1_KSC_003656_L.png,0.5093729481712691
Depth_003,ZED1_KSC_003657,../dl_datas\Depth_003\ZED1_KSC_003657_L.png,3.871559849748649
Depth_003,ZED1_KSC_003689,../dl_datas\Depth_003\ZED1_KSC_003689_L.png,2.8687390772601034
Depth_003,ZED1_KSC_003731,../dl_datas\Depth_003\ZED1_KSC_003731_L.png,3.5036404178527842
Depth_003,ZED1_KSC_003732,../dl_datas\Depth_003\ZED1_KSC_003732_L.png,4.48733508383899
Depth_003,ZED1_KSC_003755,../dl_datas\Depth_003\ZED1_KSC_003755_L.png,2.3732261534845094
Depth_003,ZED1_KSC_003766,../dl_datas\Depth_003\ZED1_KSC_003766_L.png,2.4291440717032953
Depth_003,ZED1_KSC_003771,../dl_datas\Depth_003\ZED1_KSC_003771_L.png,2.380883771284168
Depth_003,ZED1_KSC_003772,../dl_datas\Depth_003\ZED1_KSC_003772_L.png,5.074855378738792
Depth_003,ZED1_KSC_003773,../dl_datas\Depth_003\ZED1_KSC_003773_L.png,5.9089972622797236
Depth_003,ZED1_KSC_003774,../dl_datas\Depth_003\ZED1_KSC_003774_L.png,4.318152392952868
Depth_003,ZED1_KSC_003775,../dl_datas\Depth_003\ZED1_KSC_003775_L.png,4.182777146659354
Depth_003,ZED1_KSC_003776,../dl_datas\Depth_003\ZED1_KSC_003776_L.png,3.956017360776177
Depth_003,ZED1_KSC_003777,../dl_datas\Depth_003\ZED1_KSC_003777_L.png,7.058774996270972
Depth_003,ZED1_KSC_003778,../dl_datas\Depth_003\ZED1_KSC_003778_L.png,3.9924311398137915
Depth_003,ZED1_KSC_003779,../dl_datas\Depth_003\ZED1_KSC_003779_L.png,3.4454875696243494
Depth_003,ZED1_KSC_003780,../dl_datas\Depth_003\ZED1_KSC_003780_L.png,4.179826345366888
Depth_003,ZED1_KSC_003782,../dl_datas\Depth_003\ZED1_KSC_003782_L.png,4.537902614541911
Depth_003,ZED1_KSC_003783,../dl_datas\Depth_003\ZED1_KSC_003783_L.png,4.554404586005448
Depth_003,ZED1_KSC_003784,../dl_datas\Depth_003\ZED1_KSC_003784_L.png,4.821782966002446
Depth_003,ZED1_KSC_003785,../dl_datas\Depth_003\ZED1_KSC_003785_L.png,2.8901536669979553
Depth_003,ZED1_KSC_003786,../dl_datas\Depth_003\ZED1_KSC_003786_L.png,5.25486329234407
Depth_003,ZED1_KSC_003787,../dl_datas\Depth_003\ZED1_KSC_003787_L.png,5.770780905194798
Depth_003,ZED1_KSC_003788,../dl_datas\Depth_003\ZED1_KSC_003788_L.png,5.043680981185525
Depth_003,ZED1_KSC_003789,../dl_datas\Depth_003\ZED1_KSC_003789_L.png,4.328481323249977
Depth_003,ZED1_KSC_003790,../dl_datas\Depth_003\ZED1_KSC_003790_L.png,4.829901840792133
Depth_003,ZED1_KSC_003791,../dl_datas\Depth_003\ZED1_KSC_003791_L.png,3.494351609814632
Depth_003,ZED1_KSC_003792,../dl_datas\Depth_003\ZED1_KSC_003792_L.png,5.4112785392936935
Depth_003,ZED1_KSC_003793,../dl_datas\Depth_003\ZED1_KSC_003793_L.png,4.660141203197756
Depth_003,ZED1_KSC_003794,../dl_datas\Depth_003\ZED1_KSC_003794_L.png,5.931710284834402
Depth_003,ZED1_KSC_003795,../dl_datas\Depth_003\ZED1_KSC_003795_L.png,4.8371162053658106
Depth_003,ZED1_KSC_003796,../dl_datas\Depth_003\ZED1_KSC_003796_L.png,2.6560861669720897
Depth_003,ZED1_KSC_003797,../dl_datas\Depth_003\ZED1_KSC_003797_L.png,5.490550563785283
Depth_003,ZED1_KSC_003798,../dl_datas\Depth_003\ZED1_KSC_003798_L.png,7.8320063014057055
Depth_003,ZED1_KSC_003799,../dl_datas\Depth_003\ZED1_KSC_003799_L.png,6.649183950293048
Depth_003,ZED1_KSC_003800,../dl_datas\Depth_003\ZED1_KSC_003800_L.png,4.782620973329716
Depth_003,ZED1_KSC_003801,../dl_datas\Depth_003\ZED1_KSC_003801_L.png,5.657591659848034
Depth_003,ZED1_KSC_003802,../dl_datas\Depth_003\ZED1_KSC_003802_L.png,6.856380192946588
Depth_003,ZED1_KSC_003803,../dl_datas\Depth_003\ZED1_KSC_003803_L.png,7.834111179596608
Depth_003,ZED1_KSC_003804,../dl_datas\Depth_003\ZED1_KSC_003804_L.png,7.01528865480693
Depth_003,ZED1_KSC_003805,../dl_datas\Depth_003\ZED1_KSC_003805_L.png,5.9821236036711145
Depth_003,ZED1_KSC_003806,../dl_datas\Depth_003\ZED1_KSC_003806_L.png,5.37096799275614
Depth_003,ZED1_KSC_003807,../dl_datas\Depth_003\ZED1_KSC_003807_L.png,10.2852789039558
Depth_003,ZED1_KSC_003808,../dl_datas\Depth_003\ZED1_KSC_003808_L.png,3.574948352972347
Depth_003,ZED1_KSC_003809,../dl_datas\Depth_003\ZED1_KSC_003809_L.png,7.135753739758674
Depth_003,ZED1_KSC_003810,../dl_datas\Depth_003\ZED1_KSC_003810_L.png,7.800088603686613
Depth_003,ZED1_KSC_003811,../dl_datas\Depth_003\ZED1_KSC_003811_L.png,6.15966133744721
Depth_003,ZED1_KSC_003812,../dl_datas\Depth_003\ZED1_KSC_003812_L.png,4.385437017424095
Depth_003,ZED1_KSC_003813,../dl_datas\Depth_003\ZED1_KSC_003813_L.png,5.135646241951651
Depth_003,ZED1_KSC_003814,../dl_datas\Depth_003\ZED1_KSC_003814_L.png,4.696026853131597
Depth_003,ZED1_KSC_003815,../dl_datas\Depth_003\ZED1_KSC_003815_L.png,6.2479262155159105
Depth_003,ZED1_KSC_003816,../dl_datas\Depth_003\ZED1_KSC_003816_L.png,5.034894302919894
Depth_003,ZED1_KSC_003817,../dl_datas\Depth_003\ZED1_KSC_003817_L.png,3.315111543677438
Depth_003,ZED1_KSC_003818,../dl_datas\Depth_003\ZED1_KSC_003818_L.png,3.6402404048911525
Depth_003,ZED1_KSC_003819,../dl_datas\Depth_003\ZED1_KSC_003819_L.png,5.349252396092857
Depth_003,ZED1_KSC_003820,../dl_datas\Depth_003\ZED1_KSC_003820_L.png,7.364364983021952
Depth_003,ZED1_KSC_003830,../dl_datas\Depth_003\ZED1_KSC_003830_L.png,5.62214640602492
Depth_003,ZED1_KSC_003834,../dl_datas\Depth_003\ZED1_KSC_003834_L.png,6.306676554771159
Depth_003,ZED1_KSC_003836,../dl_datas\Depth_003\ZED1_KSC_003836_L.png,5.99227332399147
Depth_003,ZED1_KSC_003837,../dl_datas\Depth_003\ZED1_KSC_003837_L.png,5.814093485865488
Depth_003,ZED1_KSC_003838,../dl_datas\Depth_003\ZED1_KSC_003838_L.png,5.935707532880341
Depth_003,ZED1_KSC_003839,../dl_datas\Depth_003\ZED1_KSC_003839_L.png,1.2942220653049932
Depth_003,ZED1_KSC_003840,../dl_datas\Depth_003\ZED1_KSC_003840_L.png,6.725228771137642
Depth_003,ZED1_KSC_003847,../dl_datas\Depth_003\ZED1_KSC_003847_L.png,3.9790671960273003
Depth_003,ZED1_KSC_003848,../dl_datas\Depth_003\ZED1_KSC_003848_L.png,4.268749331524291
Depth_003,ZED1_KSC_003849,../dl_datas\Depth_003\ZED1_KSC_003849_L.png,8.357100881387085
Depth_003,ZED1_KSC_003850,../dl_datas\Depth_003\ZED1_KSC_003850_L.png,1.9831738403604366
Depth_003,ZED1_KSC_003851,../dl_datas\Depth_003\ZED1_KSC_003851_L.png,5.5755912135959695
Depth_003,ZED1_KSC_003852,../dl_datas\Depth_003\ZED1_KSC_003852_L.png,7.623081360460925
Depth_003,ZED1_KSC_003853,../dl_datas\Depth_003\ZED1_KSC_003853_L.png,8.970362765785628
Depth_003,ZED1_KSC_003854,../dl_datas\Depth_003\ZED1_KSC_003854_L.png,5.042670901756175
Depth_003,ZED1_KSC_003855,../dl_datas\Depth_003\ZED1_KSC_003855_L.png,2.4180800670168874
Depth_003,ZED1_KSC_003856,../dl_datas\Depth_003\ZED1_KSC_003856_L.png,3.2158893515178186
Depth_003,ZED1_KSC_003868,../dl_datas\Depth_003\ZED1_KSC_003868_L.png,2.7033467592349076
Depth_003,ZED1_KSC_003872,../dl_datas\Depth_003\ZED1_KSC_003872_L.png,3.2079656066795046
Depth_003,ZED1_KSC_003910,../dl_datas\Depth_003\ZED1_KSC_003910_L.png,4.562525909131656
Depth_003,ZED1_KSC_003911,../dl_datas\Depth_003\ZED1_KSC_003911_L.png,6.525311036238113
Depth_003,ZED1_KSC_003912,../dl_datas\Depth_003\ZED1_KSC_003912_L.png,5.710314036473162
Depth_003,ZED1_KSC_003913,../dl_datas\Depth_003\ZED1_KSC_003913_L.png,5.848747991476559
Depth_003,ZED1_KSC_003914,../dl_datas\Depth_003\ZED1_KSC_003914_L.png,5.900399282051434
Depth_003,ZED1_KSC_003915,../dl_datas\Depth_003\ZED1_KSC_003915_L.png,2.6147908853691355
Depth_003,ZED1_KSC_003916,../dl_datas\Depth_003\ZED1_KSC_003916_L.png,6.728989611195718
Depth_003,ZED1_KSC_003917,../dl_datas\Depth_003\ZED1_KSC_003917_L.png,6.10980914241792
Depth_003,ZED1_KSC_003918,../dl_datas\Depth_003\ZED1_KSC_003918_L.png,5.5641206897355024
Depth_003,ZED1_KSC_003919,../dl_datas\Depth_003\ZED1_KSC_003919_L.png,4.13109509622402
Depth_003,ZED1_KSC_003920,../dl_datas\Depth_003\ZED1_KSC_003920_L.png,4.892287306744212
Depth_003,ZED1_KSC_003921,../dl_datas\Depth_003\ZED1_KSC_003921_L.png,6.201437318283113
Depth_003,ZED1_KSC_003922,../dl_datas\Depth_003\ZED1_KSC_003922_L.png,5.551143979072313
Depth_003,ZED1_KSC_003923,../dl_datas\Depth_003\ZED1_KSC_003923_L.png,5.5587644046730365
Depth_003,ZED1_KSC_003924,../dl_datas\Depth_003\ZED1_KSC_003924_L.png,5.730665721105895
Depth_003,ZED1_KSC_003925,../dl_datas\Depth_003\ZED1_KSC_003925_L.png,5.747195467544494
Depth_003,ZED1_KSC_003931,../dl_datas\Depth_003\ZED1_KSC_003931_L.png,4.754810130746291
Depth_003,ZED1_KSC_003932,../dl_datas\Depth_003\ZED1_KSC_003932_L.png,5.425744687456988
Depth_003,ZED1_KSC_003933,../dl_datas\Depth_003\ZED1_KSC_003933_L.png,3.5190302552456063
Depth_003,ZED1_KSC_003934,../dl_datas\Depth_003\ZED1_KSC_003934_L.png,5.474465545723399
Depth_003,ZED1_KSC_003935,../dl_datas\Depth_003\ZED1_KSC_003935_L.png,7.435216704993356
Depth_003,ZED1_KSC_003936,../dl_datas\Depth_003\ZED1_KSC_003936_L.png,4.53604617226649
Depth_003,ZED1_KSC_003937,../dl_datas\Depth_003\ZED1_KSC_003937_L.png,3.0627323484096305
Depth_003,ZED1_KSC_003938,../dl_datas\Depth_003\ZED1_KSC_003938_L.png,4.056420004934919
Depth_003,ZED1_KSC_003939,../dl_datas\Depth_003\ZED1_KSC_003939_L.png,6.150615650740974
Depth_003,ZED1_KSC_003940,../dl_datas\Depth_003\ZED1_KSC_003940_L.png,8.579338367282636
Depth_003,ZED1_KSC_003941,../dl_datas\Depth_003\ZED1_KSC_003941_L.png,5.679753752550628
Depth_003,ZED1_KSC_003942,../dl_datas\Depth_003\ZED1_KSC_003942_L.png,6.951216594235091
Depth_003,ZED1_KSC_003943,../dl_datas\Depth_003\ZED1_KSC_003943_L.png,4.461551505952523
Depth_003,ZED1_KSC_003944,../dl_datas\Depth_003\ZED1_KSC_003944_L.png,5.0240258910615605
Depth_003,ZED1_KSC_003945,../dl_datas\Depth_003\ZED1_KSC_003945_L.png,4.756045952229803
Depth_003,ZED1_KSC_003946,../dl_datas\Depth_003\ZED1_KSC_003946_L.png,5.130913277112358
Depth_003,ZED1_KSC_003947,../dl_datas\Depth_003\ZED1_KSC_003947_L.png,4.902607890203898
Depth_003,ZED1_KSC_003948,../dl_datas\Depth_003\ZED1_KSC_003948_L.png,8.268616315568574
Depth_003,ZED1_KSC_003949,../dl_datas\Depth_003\ZED1_KSC_003949_L.png,5.268790724234177
Depth_003,ZED1_KSC_003950,../dl_datas\Depth_003\ZED1_KSC_003950_L.png,7.421903927513398
Depth_003,ZED1_KSC_003951,../dl_datas\Depth_003\ZED1_KSC_003951_L.png,5.053770700724014
Depth_003,ZED1_KSC_003952,../dl_datas\Depth_003\ZED1_KSC_003952_L.png,7.331066032376548
Depth_003,ZED1_KSC_003953,../dl_datas\Depth_003\ZED1_KSC_003953_L.png,10.956122375826379
Depth_003,ZED1_KSC_003954,../dl_datas\Depth_003\ZED1_KSC_003954_L.png,9.225689401645171
Depth_003,ZED1_KSC_003955,../dl_datas\Depth_003\ZED1_KSC_003955_L.png,82.65070255843413
Depth_003,ZED1_KSC_003956,../dl_datas\Depth_003\ZED1_KSC_003956_L.png,80.23800069942465
Depth_003,ZED1_KSC_003957,../dl_datas\Depth_003\ZED1_KSC_003957_L.png,84.93970385231957
Depth_003,ZED1_KSC_003959,../dl_datas\Depth_003\ZED1_KSC_003959_L.png,59.02105808647071
Depth_003,ZED1_KSC_003960,../dl_datas\Depth_003\ZED1_KSC_003960_L.png,53.44437872555329
Depth_003,ZED1_KSC_003961,../dl_datas\Depth_003\ZED1_KSC_003961_L.png,43.03543133504639
Depth_003,ZED1_KSC_003962,../dl_datas\Depth_003\ZED1_KSC_003962_L.png,11.486690115646729
Depth_003,ZED1_KSC_003963,../dl_datas\Depth_003\ZED1_KSC_003963_L.png,5.652913096197867
Depth_003,ZED1_KSC_003970,../dl_datas\Depth_003\ZED1_KSC_003970_L.png,4.012832966892077
Depth_003,ZED1_KSC_003971,../dl_datas\Depth_003\ZED1_KSC_003971_L.png,3.136188948585711
Depth_003,ZED1_KSC_003981,../dl_datas\Depth_003\ZED1_KSC_003981_L.png,1.3869156423678877
Depth_003,ZED1_KSC_003984,../dl_datas\Depth_003\ZED1_KSC_003984_L.png,3.4941274788137675
Depth_003,ZED1_KSC_003985,../dl_datas\Depth_003\ZED1_KSC_003985_L.png,2.345017873437846
Depth_003,ZED1_KSC_003986,../dl_datas\Depth_003\ZED1_KSC_003986_L.png,3.232708310096965
Depth_003,ZED1_KSC_003997,../dl_datas\Depth_003\ZED1_KSC_003997_L.png,2.751005686216385
Depth_003,ZED1_KSC_004008,../dl_datas\Depth_003\ZED1_KSC_004008_L.png,2.3890084727528986
Depth_003,ZED1_KSC_004019,../dl_datas\Depth_003\ZED1_KSC_004019_L.png,3.390844098610252
Depth_003,ZED1_KSC_004029,../dl_datas\Depth_003\ZED1_KSC_004029_L.png,3.016101060595892
Depth_003,ZED1_KSC_004039,../dl_datas\Depth_003\ZED1_KSC_004039_L.png,3.621149365822542
Depth_003,ZED1_KSC_004050,../dl_datas\Depth_003\ZED1_KSC_004050_L.png,4.624147127031653
Depth_003,ZED1_KSC_004061,../dl_datas\Depth_003\ZED1_KSC_004061_L.png,2.2548985189442123
Depth_003,ZED1_KSC_004066,../dl_datas\Depth_003\ZED1_KSC_004066_L.png,2.105149118290074
Depth_003,ZED1_KSC_004071,../dl_datas\Depth_003\ZED1_KSC_004071_L.png,3.8817129288031067
Depth_003,ZED1_KSC_004076,../dl_datas\Depth_003\ZED1_KSC_004076_L.png,3.580147663325022
Depth_003,ZED1_KSC_004087,../dl_datas\Depth_003\ZED1_KSC_004087_L.png,3.4988871773431804
Depth_003,ZED1_KSC_004098,../dl_datas\Depth_003\ZED1_KSC_004098_L.png,3.0349297823688506
Depth_003,ZED1_KSC_004131,../dl_datas\Depth_003\ZED1_KSC_004131_L.png,3.4644715781986197
Depth_003,ZED1_KSC_004142,../dl_datas\Depth_003\ZED1_KSC_004142_L.png,5.541922028258851
Depth_003,ZED1_KSC_004143,../dl_datas\Depth_003\ZED1_KSC_004143_L.png,0.7656615186241912
Depth_003,ZED1_KSC_004149,../dl_datas\Depth_003\ZED1_KSC_004149_L.png,4.477634393604015
Depth_003,ZED1_KSC_004154,../dl_datas\Depth_003\ZED1_KSC_004154_L.png,2.528478116846089
Depth_003,ZED1_KSC_004160,../dl_datas\Depth_003\ZED1_KSC_004160_L.png,2.533195838006801
Depth_003,ZED1_KSC_004171,../dl_datas\Depth_003\ZED1_KSC_004171_L.png,3.333545115330133
Depth_003,ZED1_KSC_004182,../dl_datas\Depth_003\ZED1_KSC_004182_L.png,4.103173370344203
Depth_003,ZED1_KSC_004234,../dl_datas\Depth_003\ZED1_KSC_004234_L.png,9.315614815746343
Depth_003,ZED1_KSC_004236,../dl_datas\Depth_003\ZED1_KSC_004236_L.png,3.131816339667796
Depth_003,ZED1_KSC_004237,../dl_datas\Depth_003\ZED1_KSC_004237_L.png,3.2207558229795623
Depth_003,ZED1_KSC_004238,../dl_datas\Depth_003\ZED1_KSC_004238_L.png,3.7887890383486313
Depth_003,ZED1_KSC_004239,../dl_datas\Depth_003\ZED1_KSC_004239_L.png,3.6574122023253888
Depth_003,ZED1_KSC_004240,../dl_datas\Depth_003\ZED1_KSC_004240_L.png,4.518957201585722
Depth_003,ZED1_KSC_004242,../dl_datas\Depth_003\ZED1_KSC_004242_L.png,2.838418509317202
Depth_003,ZED1_KSC_004247,../dl_datas\Depth_003\ZED1_KSC_004247_L.png,3.7650442651927762
Depth_003,ZED1_KSC_004252,../dl_datas\Depth_003\ZED1_KSC_004252_L.png,2.1192333801636205
Depth_003,ZED1_KSC_004254,../dl_datas\Depth_003\ZED1_KSC_004254_L.png,10.884935232534113
Depth_003,ZED1_KSC_004265,../dl_datas\Depth_003\ZED1_KSC_004265_L.png,11.294298322327972
Depth_003,ZED1_KSC_004267,../dl_datas\Depth_003\ZED1_KSC_004267_L.png,7.292452128141119
Depth_003,ZED1_KSC_004268,../dl_datas\Depth_003\ZED1_KSC_004268_L.png,6.046529138436495
Depth_003,ZED1_KSC_004271,../dl_datas\Depth_003\ZED1_KSC_004271_L.png,8.031697438380975
Depth_003,ZED1_KSC_004272,../dl_datas\Depth_003\ZED1_KSC_004272_L.png,9.975906858637902
Depth_003,ZED1_KSC_004273,../dl_datas\Depth_003\ZED1_KSC_004273_L.png,10.328016173542403
Depth_003,ZED1_KSC_004274,../dl_datas\Depth_003\ZED1_KSC_004274_L.png,10.33214890058574
Depth_003,ZED1_KSC_004275,../dl_datas\Depth_003\ZED1_KSC_004275_L.png,6.749767701673349
Depth_003,ZED1_KSC_004276,../dl_datas\Depth_003\ZED1_KSC_004276_L.png,9.095933524432288
Depth_003,ZED1_KSC_004277,../dl_datas\Depth_003\ZED1_KSC_004277_L.png,7.599050251201852
Depth_003,ZED1_KSC_004278,../dl_datas\Depth_003\ZED1_KSC_004278_L.png,7.109947164901509
Depth_003,ZED1_KSC_004279,../dl_datas\Depth_003\ZED1_KSC_004279_L.png,7.65865436145649
Depth_003,ZED1_KSC_004281,../dl_datas\Depth_003\ZED1_KSC_004281_L.png,8.35232965646983
Depth_003,ZED1_KSC_004286,../dl_datas\Depth_003\ZED1_KSC_004286_L.png,6.41154088773926
Depth_003,ZED1_KSC_004288,../dl_datas\Depth_003\ZED1_KSC_004288_L.png,0.44587244557654054
Depth_003,ZED1_KSC_004289,../dl_datas\Depth_003\ZED1_KSC_004289_L.png,2.7803780127159587
Depth_003,ZED1_KSC_004293,../dl_datas\Depth_003\ZED1_KSC_004293_L.png,7.154259581195595
Depth_003,ZED1_KSC_004294,../dl_datas\Depth_003\ZED1_KSC_004294_L.png,8.213890572098045
Depth_003,ZED1_KSC_004295,../dl_datas\Depth_003\ZED1_KSC_004295_L.png,5.240188544437537
Depth_003,ZED1_KSC_004299,../dl_datas\Depth_003\ZED1_KSC_004299_L.png,3.2537151756701537
Depth_003,ZED1_KSC_004315,../dl_datas\Depth_003\ZED1_KSC_004315_L.png,5.58872174306191
Depth_003,ZED1_KSC_004316,../dl_datas\Depth_003\ZED1_KSC_004316_L.png,6.304997543992729
Depth_003,ZED1_KSC_004319,../dl_datas\Depth_003\ZED1_KSC_004319_L.png,9.74134263767056
Depth_003,ZED1_KSC_004320,../dl_datas\Depth_003\ZED1_KSC_004320_L.png,9.81562080917712
Depth_003,ZED1_KSC_004321,../dl_datas\Depth_003\ZED1_KSC_004321_L.png,8.048374299660818
Depth_003,ZED1_KSC_004322,../dl_datas\Depth_003\ZED1_KSC_004322_L.png,16.014429097536127
Depth_003,ZED1_KSC_004323,../dl_datas\Depth_003\ZED1_KSC_004323_L.png,8.630534932066233
Depth_003,ZED1_KSC_004324,../dl_datas\Depth_003\ZED1_KSC_004324_L.png,5.34430476332459
Depth_003,ZED1_KSC_004325,../dl_datas\Depth_003\ZED1_KSC_004325_L.png,10.046217161940252
Depth_003,ZED1_KSC_004326,../dl_datas\Depth_003\ZED1_KSC_004326_L.png,9.69203134048479
Depth_003,ZED1_KSC_004353,../dl_datas\Depth_003\ZED1_KSC_004353_L.png,6.553109644326611
Depth_003,ZED1_KSC_004379,../dl_datas\Depth_003\ZED1_KSC_004379_L.png,9.601525269134163
Depth_003,ZED1_KSC_004382,../dl_datas\Depth_003\ZED1_KSC_004382_L.png,11.346856090790538
Depth_003,ZED1_KSC_004383,../dl_datas\Depth_003\ZED1_KSC_004383_L.png,5.465007034816289
Depth_003,ZED1_KSC_004384,../dl_datas\Depth_003\ZED1_KSC_004384_L.png,7.829274133051764
Depth_003,ZED1_KSC_004385,../dl_datas\Depth_003\ZED1_KSC_004385_L.png,7.292236888957005
Depth_003,ZED1_KSC_004387,../dl_datas\Depth_003\ZED1_KSC_004387_L.png,5.998616379809836
Depth_003,ZED1_KSC_004389,../dl_datas\Depth_003\ZED1_KSC_004389_L.png,6.4210449590111205
Depth_003,ZED1_KSC_004390,../dl_datas\Depth_003\ZED1_KSC_004390_L.png,5.022543790497291
Depth_003,ZED1_KSC_004396,../dl_datas\Depth_003\ZED1_KSC_004396_L.png,5.339756243518486
Depth_003,ZED1_KSC_004398,../dl_datas\Depth_003\ZED1_KSC_004398_L.png,4.693898961502424
Depth_003,ZED1_KSC_004401,../dl_datas\Depth_003\ZED1_KSC_004401_L.png,5.423360423220989
Depth_003,ZED1_KSC_004404,../dl_datas\Depth_003\ZED1_KSC_004404_L.png,5.1141985677106
Depth_003,ZED1_KSC_004405,../dl_datas\Depth_003\ZED1_KSC_004405_L.png,4.96483172091845
Depth_003,ZED1_KSC_004409,../dl_datas\Depth_003\ZED1_KSC_004409_L.png,3.7777128680401892
Depth_003,ZED1_KSC_004410,../dl_datas\Depth_003\ZED1_KSC_004410_L.png,5.357232287906191
Depth_003,ZED1_KSC_004430,../dl_datas\Depth_003\ZED1_KSC_004430_L.png,9.623960163264378
Depth_003,ZED1_KSC_004439,../dl_datas\Depth_003\ZED1_KSC_004439_L.png,9.16782575230757
Depth_003,ZED1_KSC_004547,../dl_datas\Depth_003\ZED1_KSC_004547_L.png,6.3212714104620975
Depth_003,ZED1_KSC_004548,../dl_datas\Depth_003\ZED1_KSC_004548_L.png,5.2481844482847535
Depth_003,ZED1_KSC_004551,../dl_datas\Depth_003\ZED1_KSC_004551_L.png,4.248145308639991
Depth_003,ZED1_KSC_004554,../dl_datas\Depth_003\ZED1_KSC_004554_L.png,4.516702708220581
Depth_003,ZED1_KSC_004556,../dl_datas\Depth_003\ZED1_KSC_004556_L.png,2.4048500553835956
Depth_003,ZED1_KSC_004559,../dl_datas\Depth_003\ZED1_KSC_004559_L.png,4.491000162230347
Depth_003,ZED1_KSC_004560,../dl_datas\Depth_003\ZED1_KSC_004560_L.png,6.318324093911281
Depth_003,ZED1_KSC_004561,../dl_datas\Depth_003\ZED1_KSC_004561_L.png,5.3437914140859535
Depth_003,ZED1_KSC_004562,../dl_datas\Depth_003\ZED1_KSC_004562_L.png,4.945537516538471
Depth_003,ZED1_KSC_004563,../dl_datas\Depth_003\ZED1_KSC_004563_L.png,4.454785569344161
Depth_003,ZED1_KSC_004564,../dl_datas\Depth_003\ZED1_KSC_004564_L.png,3.9501719535071844
Depth_003,ZED1_KSC_004567,../dl_datas\Depth_003\ZED1_KSC_004567_L.png,3.0336394485783655
Depth_003,ZED1_KSC_004568,../dl_datas\Depth_003\ZED1_KSC_004568_L.png,2.3042673015376156
Depth_003,ZED1_KSC_004569,../dl_datas\Depth_003\ZED1_KSC_004569_L.png,3.4246266863600887
Depth_003,ZED1_KSC_004570,../dl_datas\Depth_003\ZED1_KSC_004570_L.png,6.1699331570063185
Depth_003,ZED1_KSC_004571,../dl_datas\Depth_003\ZED1_KSC_004571_L.png,4.559992230856073
Depth_003,ZED1_KSC_004572,../dl_datas\Depth_003\ZED1_KSC_004572_L.png,3.6180118637703247
Depth_003,ZED1_KSC_004619,../dl_datas\Depth_003\ZED1_KSC_004619_L.png,3.820800372020023
Depth_003,ZED1_KSC_004621,../dl_datas\Depth_003\ZED1_KSC_004621_L.png,4.024917467486731
Depth_003,ZED1_KSC_004624,../dl_datas\Depth_003\ZED1_KSC_004624_L.png,4.810597192902952
Depth_003,ZED1_KSC_004641,../dl_datas\Depth_003\ZED1_KSC_004641_L.png,5.332889466682374
Depth_003,ZED1_KSC_004642,../dl_datas\Depth_003\ZED1_KSC_004642_L.png,7.100338889165548
Depth_003,ZED1_KSC_004643,../dl_datas\Depth_003\ZED1_KSC_004643_L.png,5.896411426857151
Depth_003,ZED1_KSC_004644,../dl_datas\Depth_003\ZED1_KSC_004644_L.png,3.8444050167728863
Depth_003,ZED1_KSC_004645,../dl_datas\Depth_003\ZED1_KSC_004645_L.png,5.140870351672121
Depth_003,ZED1_KSC_004646,../dl_datas\Depth_003\ZED1_KSC_004646_L.png,5.534667993101162
Depth_003,ZED1_KSC_004647,../dl_datas\Depth_003\ZED1_KSC_004647_L.png,2.1540413597144363
Depth_003,ZED1_KSC_004648,../dl_datas\Depth_003\ZED1_KSC_004648_L.png,2.7884626282899068
Depth_003,ZED1_KSC_004649,../dl_datas\Depth_003\ZED1_KSC_004649_L.png,3.0544758081089993
Depth_003,ZED1_KSC_004655,../dl_datas\Depth_003\ZED1_KSC_004655_L.png,4.3074350067688965
Depth_003,ZED1_KSC_004658,../dl_datas\Depth_003\ZED1_KSC_004658_L.png,6.636666805538046
Depth_003,ZED1_KSC_004661,../dl_datas\Depth_003\ZED1_KSC_004661_L.png,2.7776309345035886
Depth_003,ZED1_KSC_004662,../dl_datas\Depth_003\ZED1_KSC_004662_L.png,2.8653252301726244
Depth_003,ZED1_KSC_004663,../dl_datas\Depth_003\ZED1_KSC_004663_L.png,3.7350727055919846
Depth_003,ZED1_KSC_004664,../dl_datas\Depth_003\ZED1_KSC_004664_L.png,2.456546377744696
Depth_003,ZED1_KSC_004666,../dl_datas\Depth_003\ZED1_KSC_004666_L.png,2.175288762336071
Depth_003,ZED1_KSC_004667,../dl_datas\Depth_003\ZED1_KSC_004667_L.png,4.352846998866811
Depth_003,ZED1_KSC_004672,../dl_datas\Depth_003\ZED1_KSC_004672_L.png,5.686995623914826
Depth_003,ZED1_KSC_004673,../dl_datas\Depth_003\ZED1_KSC_004673_L.png,3.70364325532732
Depth_003,ZED1_KSC_004674,../dl_datas\Depth_003\ZED1_KSC_004674_L.png,7.189792216895461
Depth_003,ZED1_KSC_004675,../dl_datas\Depth_003\ZED1_KSC_004675_L.png,8.070735245418627
Depth_003,ZED1_KSC_004677,../dl_datas\Depth_003\ZED1_KSC_004677_L.png,3.5948836473563
Depth_003,ZED1_KSC_004678,../dl_datas\Depth_003\ZED1_KSC_004678_L.png,4.3272141835819395
Depth_003,ZED1_KSC_004681,../dl_datas\Depth_003\ZED1_KSC_004681_L.png,4.298787224201905
Depth_003,ZED1_KSC_004684,../dl_datas\Depth_003\ZED1_KSC_004684_L.png,3.4923339136149965
Depth_003,ZED1_KSC_004687,../dl_datas\Depth_003\ZED1_KSC_004687_L.png,9.080496355067718
Depth_003,ZED1_KSC_004697,../dl_datas\Depth_003\ZED1_KSC_004697_L.png,7.158261993507945
Depth_003,ZED1_KSC_004698,../dl_datas\Depth_003\ZED1_KSC_004698_L.png,4.897370305339874
Depth_003,ZED1_KSC_004699,../dl_datas\Depth_003\ZED1_KSC_004699_L.png,4.81792171903766
Depth_003,ZED1_KSC_004700,../dl_datas\Depth_003\ZED1_KSC_004700_L.png,7.061247913207328
Depth_003,ZED1_KSC_004703,../dl_datas\Depth_003\ZED1_KSC_004703_L.png,5.327191063762548
Depth_003,ZED1_KSC_004704,../dl_datas\Depth_003\ZED1_KSC_004704_L.png,7.100504658678356
Depth_003,ZED1_KSC_004705,../dl_datas\Depth_003\ZED1_KSC_004705_L.png,5.056212494834587
Depth_003,ZED1_KSC_004706,../dl_datas\Depth_003\ZED1_KSC_004706_L.png,5.012078668126769
Depth_003,ZED1_KSC_004709,../dl_datas\Depth_003\ZED1_KSC_004709_L.png,6.92594373826743
Depth_003,ZED1_KSC_004710,../dl_datas\Depth_003\ZED1_KSC_004710_L.png,9.977129037712766
Depth_003,ZED1_KSC_004711,../dl_datas\Depth_003\ZED1_KSC_004711_L.png,7.602716519428017
Depth_003,ZED1_KSC_004714,../dl_datas\Depth_003\ZED1_KSC_004714_L.png,3.05094879010369
Depth_003,ZED1_KSC_004715,../dl_datas\Depth_003\ZED1_KSC_004715_L.png,8.234112282783302
Depth_003,ZED1_KSC_004716,../dl_datas\Depth_003\ZED1_KSC_004716_L.png,8.91189155334684
Depth_003,ZED1_KSC_004717,../dl_datas\Depth_003\ZED1_KSC_004717_L.png,4.513449055776906
Depth_003,ZED1_KSC_004728,../dl_datas\Depth_003\ZED1_KSC_004728_L.png,2.628379785454245
Depth_003,ZED1_KSC_004729,../dl_datas\Depth_003\ZED1_KSC_004729_L.png,2.2249276762336563
Depth_003,ZED1_KSC_004730,../dl_datas\Depth_003\ZED1_KSC_004730_L.png,6.064690115347395
Depth_003,ZED1_KSC_004731,../dl_datas\Depth_003\ZED1_KSC_004731_L.png,1.2026842863699854
Depth_003,ZED1_KSC_004732,../dl_datas\Depth_003\ZED1_KSC_004732_L.png,2.111646955480572
Depth_003,ZED1_KSC_004733,../dl_datas\Depth_003\ZED1_KSC_004733_L.png,3.760412732761134
Depth_003,ZED1_KSC_004734,../dl_datas\Depth_003\ZED1_KSC_004734_L.png,5.546305244182846
Depth_003,ZED1_KSC_004735,../dl_datas\Depth_003\ZED1_KSC_004735_L.png,4.542346362480268
Depth_003,ZED1_KSC_004736,../dl_datas\Depth_003\ZED1_KSC_004736_L.png,5.221721610728364
Depth_003,ZED1_KSC_004737,../dl_datas\Depth_003\ZED1_KSC_004737_L.png,3.739840292855965
Depth_003,ZED1_KSC_004738,../dl_datas\Depth_003\ZED1_KSC_004738_L.png,3.393787524009081
Depth_003,ZED1_KSC_004739,../dl_datas\Depth_003\ZED1_KSC_004739_L.png,6.644079554248282
Depth_003,ZED1_KSC_004740,../dl_datas\Depth_003\ZED1_KSC_004740_L.png,5.558447094869406
Depth_003,ZED1_KSC_004741,../dl_datas\Depth_003\ZED1_KSC_004741_L.png,4.2786480280436
Depth_003,ZED1_KSC_004742,../dl_datas\Depth_003\ZED1_KSC_004742_L.png,7.558682509313082
Depth_003,ZED1_KSC_004743,../dl_datas\Depth_003\ZED1_KSC_004743_L.png,8.252976377507386
Depth_003,ZED1_KSC_004745,../dl_datas\Depth_003\ZED1_KSC_004745_L.png,7.526838213955738
Depth_003,ZED1_KSC_004747,../dl_datas\Depth_003\ZED1_KSC_004747_L.png,6.932539345308339
Depth_003,ZED1_KSC_004754,../dl_datas\Depth_003\ZED1_KSC_004754_L.png,4.980866385995523
Depth_003,ZED1_KSC_004755,../dl_datas\Depth_003\ZED1_KSC_004755_L.png,3.4569471069637028
Depth_003,ZED1_KSC_004756,../dl_datas\Depth_003\ZED1_KSC_004756_L.png,4.09227685361354
Depth_003,ZED1_KSC_004757,../dl_datas\Depth_003\ZED1_KSC_004757_L.png,2.797013826085556
Depth_003,ZED1_KSC_004758,../dl_datas\Depth_003\ZED1_KSC_004758_L.png,5.071649961188464
Depth_003,ZED1_KSC_004759,../dl_datas\Depth_003\ZED1_KSC_004759_L.png,5.043642135707542
Depth_003,ZED1_KSC_004760,../dl_datas\Depth_003\ZED1_KSC_004760_L.png,5.209925682484008
Depth_003,ZED1_KSC_004761,../dl_datas\Depth_003\ZED1_KSC_004761_L.png,4.260436912745899
Depth_003,ZED1_KSC_004762,../dl_datas\Depth_003\ZED1_KSC_004762_L.png,5.738424217909913
Depth_003,ZED1_KSC_004765,../dl_datas\Depth_003\ZED1_KSC_004765_L.png,4.406378182081134
Depth_003,ZED1_KSC_004766,../dl_datas\Depth_003\ZED1_KSC_004766_L.png,4.99826103173332
Depth_003,ZED1_KSC_004767,../dl_datas\Depth_003\ZED1_KSC_004767_L.png,3.8084291495951765
Depth_003,ZED1_KSC_004768,../dl_datas\Depth_003\ZED1_KSC_004768_L.png,4.641271656741103
Depth_003,ZED1_KSC_004769,../dl_datas\Depth_003\ZED1_KSC_004769_L.png,4.33481147606511
Depth_003,ZED1_KSC_004770,../dl_datas\Depth_003\ZED1_KSC_004770_L.png,4.739335234828013
Depth_003,ZED1_KSC_004771,../dl_datas\Depth_003\ZED1_KSC_004771_L.png,6.298930738454915
Depth_003,ZED1_KSC_004772,../dl_datas\Depth_003\ZED1_KSC_004772_L.png,3.909510669130848
Depth_003,ZED1_KSC_004773,../dl_datas\Depth_003\ZED1_KSC_004773_L.png,5.002179241261579
Depth_003,ZED1_KSC_004777,../dl_datas\Depth_003\ZED1_KSC_004777_L.png,1.8693832927692136
Depth_003,ZED1_KSC_004780,../dl_datas\Depth_003\ZED1_KSC_004780_L.png,1.8700113256717956
Depth_003,ZED1_KSC_004781,../dl_datas\Depth_003\ZED1_KSC_004781_L.png,1.944507246230521
Depth_003,ZED1_KSC_004787,../dl_datas\Depth_003\ZED1_KSC_004787_L.png,2.3944913754726467
Depth_003,ZED1_KSC_004789,../dl_datas\Depth_003\ZED1_KSC_004789_L.png,2.8163329295044286
Depth_003,ZED1_KSC_004790,../dl_datas\Depth_003\ZED1_KSC_004790_L.png,2.1040331893509165
Depth_003,ZED1_KSC_004791,../dl_datas\Depth_003\ZED1_KSC_004791_L.png,3.162235854174967
Depth_003,ZED1_KSC_004792,../dl_datas\Depth_003\ZED1_KSC_004792_L.png,4.123883046379928
Depth_003,ZED1_KSC_004793,../dl_datas\Depth_003\ZED1_KSC_004793_L.png,3.604456933786971
Depth_003,ZED1_KSC_004794,../dl_datas\Depth_003\ZED1_KSC_004794_L.png,4.685377752691124
Depth_003,ZED1_KSC_004798,../dl_datas\Depth_003\ZED1_KSC_004798_L.png,4.538938438897925
Depth_003,ZED1_KSC_004799,../dl_datas\Depth_003\ZED1_KSC_004799_L.png,3.4490656644001167
Depth_003,ZED1_KSC_004801,../dl_datas\Depth_003\ZED1_KSC_004801_L.png,6.999136180214476
Depth_003,ZED1_KSC_004804,../dl_datas\Depth_003\ZED1_KSC_004804_L.png,5.265182057780853
Depth_003,ZED1_KSC_004810,../dl_datas\Depth_003\ZED1_KSC_004810_L.png,4.187129297506974
Depth_003,ZED1_KSC_004811,../dl_datas\Depth_003\ZED1_KSC_004811_L.png,4.456148367761021
Depth_003,ZED1_KSC_004812,../dl_datas\Depth_003\ZED1_KSC_004812_L.png,7.43540143779542
Depth_003,ZED1_KSC_004813,../dl_datas\Depth_003\ZED1_KSC_004813_L.png,6.9947066726847185
Depth_003,ZED1_KSC_004823,../dl_datas\Depth_003\ZED1_KSC_004823_L.png,4.282171207920434
Depth_003,ZED1_KSC_004825,../dl_datas\Depth_003\ZED1_KSC_004825_L.png,7.112567870015493
Depth_003,ZED1_KSC_004834,../dl_datas\Depth_003\ZED1_KSC_004834_L.png,6.301544844823719
Depth_003,ZED1_KSC_004839,../dl_datas\Depth_003\ZED1_KSC_004839_L.png,4.108658475199761
Depth_003,ZED1_KSC_004846,../dl_datas\Depth_003\ZED1_KSC_004846_L.png,77.04583644216008
Depth_003,ZED1_KSC_004847,../dl_datas\Depth_003\ZED1_KSC_004847_L.png,6.107723171074772
Depth_003,ZED1_KSC_004848,../dl_datas\Depth_003\ZED1_KSC_004848_L.png,5.89764130205861
Depth_003,ZED1_KSC_004853,../dl_datas\Depth_003\ZED1_KSC_004853_L.png,6.411724378743701
Depth_003,ZED1_KSC_004854,../dl_datas\Depth_003\ZED1_KSC_004854_L.png,80.43846466984941
Depth_003,ZED1_KSC_004855,../dl_datas\Depth_003\ZED1_KSC_004855_L.png,88.06695935166826
Depth_003,ZED1_KSC_004856,../dl_datas\Depth_003\ZED1_KSC_004856_L.png,84.50371441616919
Depth_003,ZED1_KSC_004858,../dl_datas\Depth_003\ZED1_KSC_004858_L.png,7.263202398356563
Depth_003,ZED1_KSC_004859,../dl_datas\Depth_003\ZED1_KSC_004859_L.png,6.947010805146863
Depth_003,ZED1_KSC_004860,../dl_datas\Depth_003\ZED1_KSC_004860_L.png,6.347890368686389
Depth_003,ZED1_KSC_004861,../dl_datas\Depth_003\ZED1_KSC_004861_L.png,5.316476322019137
Depth_003,ZED1_KSC_004866,../dl_datas\Depth_003\ZED1_KSC_004866_L.png,6.92489579202342
Depth_003,ZED1_KSC_004868,../dl_datas\Depth_003\ZED1_KSC_004868_L.png,6.719714919623928
Depth_003,ZED1_KSC_004869,../dl_datas\Depth_003\ZED1_KSC_004869_L.png,6.2720423246345955
Depth_003,ZED1_KSC_004870,../dl_datas\Depth_003\ZED1_KSC_004870_L.png,6.779398588525379
Depth_003,ZED1_KSC_004871,../dl_datas\Depth_003\ZED1_KSC_004871_L.png,7.402685342474941
Depth_003,ZED1_KSC_004872,../dl_datas\Depth_003\ZED1_KSC_004872_L.png,6.648269576645384
Depth_003,ZED1_KSC_004874,../dl_datas\Depth_003\ZED1_KSC_004874_L.png,6.36091165441346
Depth_003,ZED1_KSC_004876,../dl_datas\Depth_003\ZED1_KSC_004876_L.png,6.597160550012868
Depth_003,ZED1_KSC_004877,../dl_datas\Depth_003\ZED1_KSC_004877_L.png,6.397151140394059
Depth_003,ZED1_KSC_004878,../dl_datas\Depth_003\ZED1_KSC_004878_L.png,5.698976245373324
Depth_003,ZED1_KSC_004879,../dl_datas\Depth_003\ZED1_KSC_004879_L.png,10.909160393635847
Depth_003,ZED1_KSC_004880,../dl_datas\Depth_003\ZED1_KSC_004880_L.png,11.19717816873324
Depth_003,ZED1_KSC_004881,../dl_datas\Depth_003\ZED1_KSC_004881_L.png,9.45789485156668
Depth_003,ZED1_KSC_004885,../dl_datas\Depth_003\ZED1_KSC_004885_L.png,6.087210762262728
Depth_003,ZED1_KSC_004892,../dl_datas\Depth_003\ZED1_KSC_004892_L.png,6.408390143010964
Depth_003,ZED1_KSC_004894,../dl_datas\Depth_003\ZED1_KSC_004894_L.png,3.2694417239408105
Depth_003,ZED1_KSC_004896,../dl_datas\Depth_003\ZED1_KSC_004896_L.png,5.1422803348352355
Depth_003,ZED1_KSC_004898,../dl_datas\Depth_003\ZED1_KSC_004898_L.png,5.602731142102908
Depth_003,ZED1_KSC_004899,../dl_datas\Depth_003\ZED1_KSC_004899_L.png,5.228059387992824
Depth_003,ZED1_KSC_004900,../dl_datas\Depth_003\ZED1_KSC_004900_L.png,4.817718409990693
Depth_003,ZED1_KSC_004901,../dl_datas\Depth_003\ZED1_KSC_004901_L.png,6.957534630705866
Depth_003,ZED1_KSC_004902,../dl_datas\Depth_003\ZED1_KSC_004902_L.png,4.841204979883527
Depth_003,ZED1_KSC_004903,../dl_datas\Depth_003\ZED1_KSC_004903_L.png,6.697467919513175
Depth_003,ZED1_KSC_004907,../dl_datas\Depth_003\ZED1_KSC_004907_L.png,9.004160676241867
Depth_003,ZED1_KSC_004910,../dl_datas\Depth_003\ZED1_KSC_004910_L.png,4.50310859750923
Depth_003,ZED1_KSC_004911,../dl_datas\Depth_003\ZED1_KSC_004911_L.png,4.344018931025664
Depth_003,ZED1_KSC_004912,../dl_datas\Depth_003\ZED1_KSC_004912_L.png,4.0320148201892225
Depth_003,ZED1_KSC_004913,../dl_datas\Depth_003\ZED1_KSC_004913_L.png,3.886754347101965
Depth_003,ZED1_KSC_004914,../dl_datas\Depth_003\ZED1_KSC_004914_L.png,7.534134661206104
Depth_003,ZED1_KSC_004918,../dl_datas\Depth_003\ZED1_KSC_004918_L.png,2.9380494725565756
Depth_003,ZED1_KSC_004920,../dl_datas\Depth_003\ZED1_KSC_004920_L.png,3.9393500332636378
Depth_003,ZED1_KSC_004921,../dl_datas\Depth_003\ZED1_KSC_004921_L.png,3.9002834706851273
Depth_003,ZED1_KSC_004922,../dl_datas\Depth_003\ZED1_KSC_004922_L.png,5.532011708597239
Depth_003,ZED1_KSC_004923,../dl_datas\Depth_003\ZED1_KSC_004923_L.png,4.874555647472054
Depth_003,ZED1_KSC_004925,../dl_datas\Depth_003\ZED1_KSC_004925_L.png,6.401961510931786
Depth_003,ZED1_KSC_004935,../dl_datas\Depth_003\ZED1_KSC_004935_L.png,3.9878177741327065
Depth_003,ZED1_KSC_004936,../dl_datas\Depth_003\ZED1_KSC_004936_L.png,11.08837482123187
Depth_003,ZED1_KSC_004938,../dl_datas\Depth_003\ZED1_KSC_004938_L.png,3.6607834227765514
Depth_003,ZED1_KSC_004940,../dl_datas\Depth_003\ZED1_KSC_004940_L.png,5.115232863112116
Depth_003,ZED1_KSC_004942,../dl_datas\Depth_003\ZED1_KSC_004942_L.png,4.134885868080119
Depth_003,ZED1_KSC_004943,../dl_datas\Depth_003\ZED1_KSC_004943_L.png,4.352352019443173
Depth_003,ZED1_KSC_004944,../dl_datas\Depth_003\ZED1_KSC_004944_L.png,5.245308817379671
Depth_003,ZED1_KSC_004945,../dl_datas\Depth_003\ZED1_KSC_004945_L.png,5.187009111096298
Depth_003,ZED1_KSC_004946,../dl_datas\Depth_003\ZED1_KSC_004946_L.png,4.629904634439048
Depth_003,ZED1_KSC_004947,../dl_datas\Depth_003\ZED1_KSC_004947_L.png,4.151524214750894
Depth_003,ZED1_KSC_004948,../dl_datas\Depth_003\ZED1_KSC_004948_L.png,4.00472380818876
Depth_003,ZED1_KSC_004949,../dl_datas\Depth_003\ZED1_KSC_004949_L.png,5.3503146256635326
Depth_003,ZED1_KSC_004951,../dl_datas\Depth_003\ZED1_KSC_004951_L.png,5.1088322056449496
Depth_003,ZED1_KSC_004953,../dl_datas\Depth_003\ZED1_KSC_004953_L.png,4.635908535513904
Depth_003,ZED1_KSC_004954,../dl_datas\Depth_003\ZED1_KSC_004954_L.png,4.2317010679577844
Depth_003,ZED1_KSC_004955,../dl_datas\Depth_003\ZED1_KSC_004955_L.png,1.8780524459265597
Depth_003,ZED1_KSC_004956,../dl_datas\Depth_003\ZED1_KSC_004956_L.png,3.3370670899926687
Depth_003,ZED1_KSC_004957,../dl_datas\Depth_003\ZED1_KSC_004957_L.png,5.301232417719796
Depth_003,ZED1_KSC_004958,../dl_datas\Depth_003\ZED1_KSC_004958_L.png,4.8604689599627156
Depth_003,ZED1_KSC_004959,../dl_datas\Depth_003\ZED1_KSC_004959_L.png,4.747429725053409
Depth_003,ZED1_KSC_004960,../dl_datas\Depth_003\ZED1_KSC_004960_L.png,26.48547780255108
Depth_003,ZED1_KSC_004962,../dl_datas\Depth_003\ZED1_KSC_004962_L.png,3.8086862215528283
Depth_003,ZED1_KSC_004964,../dl_datas\Depth_003\ZED1_KSC_004964_L.png,6.4512062406088395
Depth_003,ZED1_KSC_004965,../dl_datas\Depth_003\ZED1_KSC_004965_L.png,4.496840664101903
Depth_003,ZED1_KSC_004966,../dl_datas\Depth_003\ZED1_KSC_004966_L.png,6.304033466204572
Depth_003,ZED1_KSC_004969,../dl_datas\Depth_003\ZED1_KSC_004969_L.png,7.454167622170485
Depth_003,ZED1_KSC_004970,../dl_datas\Depth_003\ZED1_KSC_004970_L.png,44.49716833465848
Depth_003,ZED1_KSC_004972,../dl_datas\Depth_003\ZED1_KSC_004972_L.png,9.177873084453667
Depth_003,ZED1_KSC_004973,../dl_datas\Depth_003\ZED1_KSC_004973_L.png,6.476264070662189
Depth_003,ZED1_KSC_004976,../dl_datas\Depth_003\ZED1_KSC_004976_L.png,46.12375110794691
Depth_003,ZED1_KSC_004977,../dl_datas\Depth_003\ZED1_KSC_004977_L.png,8.663652819628567
Depth_003,ZED1_KSC_004978,../dl_datas\Depth_003\ZED1_KSC_004978_L.png,51.97252952300784
Depth_003,ZED1_KSC_004979,../dl_datas\Depth_003\ZED1_KSC_004979_L.png,7.624908970202106
Depth_003,ZED1_KSC_004980,../dl_datas\Depth_003\ZED1_KSC_004980_L.png,8.187578553917877
Depth_003,ZED1_KSC_004981,../dl_datas\Depth_003\ZED1_KSC_004981_L.png,53.574291495181406
Depth_003,ZED1_KSC_004982,../dl_datas\Depth_003\ZED1_KSC_004982_L.png,6.231335727587742
Depth_003,ZED1_KSC_004984,../dl_datas\Depth_003\ZED1_KSC_004984_L.png,49.92386494524232
Depth_003,ZED1_KSC_004986,../dl_datas\Depth_003\ZED1_KSC_004986_L.png,7.138392501399603
Depth_003,ZED1_KSC_004987,../dl_datas\Depth_003\ZED1_KSC_004987_L.png,4.975829098864038
Depth_003,ZED1_KSC_004988,../dl_datas\Depth_003\ZED1_KSC_004988_L.png,10.639557561636476
Depth_003,ZED1_KSC_004989,../dl_datas\Depth_003\ZED1_KSC_004989_L.png,23.448782496431434
Depth_003,ZED1_KSC_004990,../dl_datas\Depth_003\ZED1_KSC_004990_L.png,9.90643264631211
Depth_003,ZED1_KSC_004991,../dl_datas\Depth_003\ZED1_KSC_004991_L.png,9.645711552173013
Depth_003,ZED1_KSC_004992,../dl_datas\Depth_003\ZED1_KSC_004992_L.png,9.848040394611925
Depth_003,ZED1_KSC_004993,../dl_datas\Depth_003\ZED1_KSC_004993_L.png,9.886741306871258
Depth_003,ZED1_KSC_004994,../dl_datas\Depth_003\ZED1_KSC_004994_L.png,7.584781543445812
Depth_003,ZED1_KSC_004995,../dl_datas\Depth_003\ZED1_KSC_004995_L.png,7.183431640628518
Depth_003,ZED1_KSC_004997,../dl_datas\Depth_003\ZED1_KSC_004997_L.png,74.27832798267872
Depth_003,ZED1_KSC_004999,../dl_datas\Depth_003\ZED1_KSC_004999_L.png,8.61962708082138
Depth_003,ZED1_KSC_005001,../dl_datas\Depth_003\ZED1_KSC_005001_L.png,9.13518767749323
Depth_003,ZED1_KSC_005002,../dl_datas\Depth_003\ZED1_KSC_005002_L.png,10.054983958402277
Depth_003,ZED1_KSC_005003,../dl_datas\Depth_003\ZED1_KSC_005003_L.png,3.9145163425249523
Depth_003,ZED1_KSC_005004,../dl_datas\Depth_003\ZED1_KSC_005004_L.png,6.731757884875862
Depth_003,ZED1_KSC_005006,../dl_datas\Depth_003\ZED1_KSC_005006_L.png,7.7863877925767255
Depth_003,ZED1_KSC_005008,../dl_datas\Depth_003\ZED1_KSC_005008_L.png,10.077082622825888
Depth_003,ZED1_KSC_005009,../dl_datas\Depth_003\ZED1_KSC_005009_L.png,7.188782542214171
Depth_003,ZED1_KSC_005010,../dl_datas\Depth_003\ZED1_KSC_005010_L.png,4.9405039533679345
Depth_003,ZED1_KSC_005011,../dl_datas\Depth_003\ZED1_KSC_005011_L.png,5.687650387468648
Depth_003,ZED1_KSC_005012,../dl_datas\Depth_003\ZED1_KSC_005012_L.png,5.88543094166982
Depth_003,ZED1_KSC_005013,../dl_datas\Depth_003\ZED1_KSC_005013_L.png,6.595525448801154
Depth_003,ZED1_KSC_005014,../dl_datas\Depth_003\ZED1_KSC_005014_L.png,8.585357033804513
Depth_003,ZED1_KSC_005015,../dl_datas\Depth_003\ZED1_KSC_005015_L.png,10.299155763691058
Depth_003,ZED1_KSC_005017,../dl_datas\Depth_003\ZED1_KSC_005017_L.png,8.775881035230015
Depth_003,ZED1_KSC_005019,../dl_datas\Depth_003\ZED1_KSC_005019_L.png,3.355263481673137
Depth_003,ZED1_KSC_005021,../dl_datas\Depth_003\ZED1_KSC_005021_L.png,3.8215690431876657
Depth_003,ZED1_KSC_005022,../dl_datas\Depth_003\ZED1_KSC_005022_L.png,2.9343159358612008
Depth_003,ZED1_KSC_005023,../dl_datas\Depth_003\ZED1_KSC_005023_L.png,3.884083209160477
Depth_003,ZED1_KSC_005024,../dl_datas\Depth_003\ZED1_KSC_005024_L.png,5.912777752845554
Depth_003,ZED1_KSC_005025,../dl_datas\Depth_003\ZED1_KSC_005025_L.png,3.9256061592139027
Depth_003,ZED1_KSC_005026,../dl_datas\Depth_003\ZED1_KSC_005026_L.png,3.9967942139274335
Depth_003,ZED1_KSC_005028,../dl_datas\Depth_003\ZED1_KSC_005028_L.png,3.5904691941827322
Depth_003,ZED1_KSC_005032,../dl_datas\Depth_003\ZED1_KSC_005032_L.png,6.199666674961724
Depth_003,ZED1_KSC_005033,../dl_datas\Depth_003\ZED1_KSC_005033_L.png,4.954521807748132
Depth_003,ZED1_KSC_005034,../dl_datas\Depth_003\ZED1_KSC_005034_L.png,6.381408001798718
Depth_003,ZED1_KSC_005036,../dl_datas\Depth_003\ZED1_KSC_005036_L.png,9.262828558243719
Depth_003,ZED1_KSC_005039,../dl_datas\Depth_003\ZED1_KSC_005039_L.png,3.644916983854607
Depth_003,ZED1_KSC_005040,../dl_datas\Depth_003\ZED1_KSC_005040_L.png,3.2078435501984517
Depth_003,ZED1_KSC_005041,../dl_datas\Depth_003\ZED1_KSC_005041_L.png,4.1882984606505
Depth_003,ZED1_KSC_005042,../dl_datas\Depth_003\ZED1_KSC_005042_L.png,4.837440194423255
Depth_003,ZED1_KSC_005043,../dl_datas\Depth_003\ZED1_KSC_005043_L.png,2.660430628968266
Depth_003,ZED1_KSC_005044,../dl_datas\Depth_003\ZED1_KSC_005044_L.png,3.3199506695156473
Depth_003,ZED1_KSC_005046,../dl_datas\Depth_003\ZED1_KSC_005046_L.png,1.3952155343531787
Depth_003,ZED1_KSC_005047,../dl_datas\Depth_003\ZED1_KSC_005047_L.png,4.923900543682914
Depth_003,ZED1_KSC_005048,../dl_datas\Depth_003\ZED1_KSC_005048_L.png,6.064302212371977
Depth_003,ZED1_KSC_005050,../dl_datas\Depth_003\ZED1_KSC_005050_L.png,6.113401768018857
Depth_003,ZED1_KSC_005052,../dl_datas\Depth_003\ZED1_KSC_005052_L.png,3.9179665341561614
Depth_003,ZED1_KSC_005053,../dl_datas\Depth_003\ZED1_KSC_005053_L.png,2.871194535892118
Depth_003,ZED1_KSC_005054,../dl_datas\Depth_003\ZED1_KSC_005054_L.png,3.885847373767161
Depth_003,ZED1_KSC_005055,../dl_datas\Depth_003\ZED1_KSC_005055_L.png,2.881878626907559
Depth_003,ZED1_KSC_005056,../dl_datas\Depth_003\ZED1_KSC_005056_L.png,5.4194204848856335
Depth_003,ZED1_KSC_005057,../dl_datas\Depth_003\ZED1_KSC_005057_L.png,3.665433827225082
Depth_003,ZED1_KSC_005058,../dl_datas\Depth_003\ZED1_KSC_005058_L.png,2.797083809936401
Depth_003,ZED1_KSC_005059,../dl_datas\Depth_003\ZED1_KSC_005059_L.png,3.788065417698658
Depth_003,ZED1_KSC_005061,../dl_datas\Depth_003\ZED1_KSC_005061_L.png,4.19147693741224
Depth_003,ZED1_KSC_005063,../dl_datas\Depth_003\ZED1_KSC_005063_L.png,4.786960807975174
Depth_003,ZED1_KSC_005064,../dl_datas\Depth_003\ZED1_KSC_005064_L.png,5.408525610004059
Depth_003,ZED1_KSC_005065,../dl_datas\Depth_003\ZED1_KSC_005065_L.png,2.1435669831275614
Depth_003,ZED1_KSC_005066,../dl_datas\Depth_003\ZED1_KSC_005066_L.png,1.4702023703873583
Depth_003,ZED1_KSC_005067,../dl_datas\Depth_003\ZED1_KSC_005067_L.png,2.727280250401924
Depth_003,ZED1_KSC_005068,../dl_datas\Depth_003\ZED1_KSC_005068_L.png,4.354601473424728
Depth_003,ZED1_KSC_005069,../dl_datas\Depth_003\ZED1_KSC_005069_L.png,3.1640306973463725
Depth_003,ZED1_KSC_005070,../dl_datas\Depth_003\ZED1_KSC_005070_L.png,4.638823124850922
Depth_003,ZED1_KSC_005072,../dl_datas\Depth_003\ZED1_KSC_005072_L.png,4.053425692864452
Depth_003,ZED1_KSC_005074,../dl_datas\Depth_003\ZED1_KSC_005074_L.png,4.528353285690525
Depth_003,ZED1_KSC_005075,../dl_datas\Depth_003\ZED1_KSC_005075_L.png,4.133512114278362
Depth_003,ZED1_KSC_005076,../dl_datas\Depth_003\ZED1_KSC_005076_L.png,5.155979017158566
Depth_003,ZED1_KSC_005077,../dl_datas\Depth_003\ZED1_KSC_005077_L.png,5.1875001598355155
Depth_003,ZED1_KSC_005078,../dl_datas\Depth_003\ZED1_KSC_005078_L.png,4.697945303081162
Depth_003,ZED1_KSC_005079,../dl_datas\Depth_003\ZED1_KSC_005079_L.png,4.636288803021684
Depth_003,ZED1_KSC_005080,../dl_datas\Depth_003\ZED1_KSC_005080_L.png,4.881944958460214
Depth_003,ZED1_KSC_005081,../dl_datas\Depth_003\ZED1_KSC_005081_L.png,4.319331498782485
Depth_003,ZED1_KSC_005083,../dl_datas\Depth_003\ZED1_KSC_005083_L.png,3.4644715781986197
Depth_003,ZED1_KSC_005085,../dl_datas\Depth_003\ZED1_KSC_005085_L.png,4.137963317595746
Depth_003,ZED1_KSC_005086,../dl_datas\Depth_003\ZED1_KSC_005086_L.png,5.027924073450397
Depth_003,ZED1_KSC_005087,../dl_datas\Depth_003\ZED1_KSC_005087_L.png,5.3316032613613835
Depth_003,ZED1_KSC_005088,../dl_datas\Depth_003\ZED1_KSC_005088_L.png,3.8771195499533473
Depth_003,ZED1_KSC_005089,../dl_datas\Depth_003\ZED1_KSC_005089_L.png,4.15251473978378
Depth_003,ZED1_KSC_005090,../dl_datas\Depth_003\ZED1_KSC_005090_L.png,4.208310779577077
Depth_003,ZED1_KSC_005091,../dl_datas\Depth_003\ZED1_KSC_005091_L.png,4.2510027012286375
Depth_003,ZED1_KSC_005092,../dl_datas\Depth_003\ZED1_KSC_005092_L.png,5.549908205883266
Depth_003,ZED1_KSC_005093,../dl_datas\Depth_003\ZED1_KSC_005093_L.png,9.380266968705504
Depth_003,ZED1_KSC_005094,../dl_datas\Depth_003\ZED1_KSC_005094_L.png,5.1382017603637316
Depth_003,ZED1_KSC_005096,../dl_datas\Depth_003\ZED1_KSC_005096_L.png,3.4998942840218015
Depth_003,ZED1_KSC_005097,../dl_datas\Depth_003\ZED1_KSC_005097_L.png,3.12580968226476
Depth_003,ZED1_KSC_005098,../dl_datas\Depth_003\ZED1_KSC_005098_L.png,9.324302929305203
Depth_003,ZED1_KSC_005099,../dl_datas\Depth_003\ZED1_KSC_005099_L.png,5.036139363610334
Depth_003,ZED1_KSC_005100,../dl_datas\Depth_003\ZED1_KSC_005100_L.png,6.2700413891508795
Depth_003,ZED1_KSC_005101,../dl_datas\Depth_003\ZED1_KSC_005101_L.png,4.34446977609163
Depth_003,ZED1_KSC_005102,../dl_datas\Depth_003\ZED1_KSC_005102_L.png,7.377461860096137
Depth_003,ZED1_KSC_005104,../dl_datas\Depth_003\ZED1_KSC_005104_L.png,6.899327992404113
Depth_003,ZED1_KSC_005107,../dl_datas\Depth_003\ZED1_KSC_005107_L.png,4.96984070573587
Depth_003,ZED1_KSC_005108,../dl_datas\Depth_003\ZED1_KSC_005108_L.png,5.484586722921583
Depth_003,ZED1_KSC_005109,../dl_datas\Depth_003\ZED1_KSC_005109_L.png,8.288468537031662
Depth_003,ZED1_KSC_005110,../dl_datas\Depth_003\ZED1_KSC_005110_L.png,5.6678709500523725
Depth_003,ZED1_KSC_005111,../dl_datas\Depth_003\ZED1_KSC_005111_L.png,6.035203662140165
Depth_003,ZED1_KSC_005112,../dl_datas\Depth_003\ZED1_KSC_005112_L.png,5.726457401605956
Depth_003,ZED1_KSC_005113,../dl_datas\Depth_003\ZED1_KSC_005113_L.png,6.902625025940741
Depth_003,ZED1_KSC_005114,../dl_datas\Depth_003\ZED1_KSC_005114_L.png,6.602716878743566
Depth_003,ZED1_KSC_005115,../dl_datas\Depth_003\ZED1_KSC_005115_L.png,8.766519646923397
Depth_003,ZED1_KSC_005116,../dl_datas\Depth_003\ZED1_KSC_005116_L.png,4.8448455418108
Depth_003,ZED1_KSC_005118,../dl_datas\Depth_003\ZED1_KSC_005118_L.png,8.377916900067467
Depth_003,ZED1_KSC_005119,../dl_datas\Depth_003\ZED1_KSC_005119_L.png,7.239501189216409
Depth_003,ZED1_KSC_005120,../dl_datas\Depth_003\ZED1_KSC_005120_L.png,9.085407070692115
Depth_003,ZED1_KSC_005121,../dl_datas\Depth_003\ZED1_KSC_005121_L.png,8.915043420639945
Depth_003,ZED1_KSC_005123,../dl_datas\Depth_003\ZED1_KSC_005123_L.png,9.457416834161092
Depth_003,ZED1_KSC_005125,../dl_datas\Depth_003\ZED1_KSC_005125_L.png,8.784561695615437
Depth_003,ZED1_KSC_005126,../dl_datas\Depth_003\ZED1_KSC_005126_L.png,7.691869875913809
Depth_003,ZED1_KSC_005127,../dl_datas\Depth_003\ZED1_KSC_005127_L.png,8.970976011248638
Depth_003,ZED1_KSC_005129,../dl_datas\Depth_003\ZED1_KSC_005129_L.png,6.22381153586839
Depth_003,ZED1_KSC_005130,../dl_datas\Depth_003\ZED1_KSC_005130_L.png,7.460167095769815
Depth_003,ZED1_KSC_005131,../dl_datas\Depth_003\ZED1_KSC_005131_L.png,6.089303733810003
Depth_003,ZED1_KSC_005132,../dl_datas\Depth_003\ZED1_KSC_005132_L.png,9.030917227038096
Depth_003,ZED1_KSC_005133,../dl_datas\Depth_003\ZED1_KSC_005133_L.png,7.296890028092023
Depth_003,ZED1_KSC_005134,../dl_datas\Depth_003\ZED1_KSC_005134_L.png,5.5743256856616785
Depth_003,ZED1_KSC_005135,../dl_datas\Depth_003\ZED1_KSC_005135_L.png,7.516741889119913
Depth_003,ZED1_KSC_005136,../dl_datas\Depth_003\ZED1_KSC_005136_L.png,6.298339302636874
Depth_003,ZED1_KSC_005138,../dl_datas\Depth_003\ZED1_KSC_005138_L.png,5.643995812948203
Depth_003,ZED1_KSC_005140,../dl_datas\Depth_003\ZED1_KSC_005140_L.png,8.888471392742243
Depth_003,ZED1_KSC_005141,../dl_datas\Depth_003\ZED1_KSC_005141_L.png,9.360991277917071
Depth_003,ZED1_KSC_005142,../dl_datas\Depth_003\ZED1_KSC_005142_L.png,8.836823681829378
Depth_003,ZED1_KSC_005144,../dl_datas\Depth_003\ZED1_KSC_005144_L.png,11.31814530943603
Depth_003,ZED1_KSC_005145,../dl_datas\Depth_003\ZED1_KSC_005145_L.png,7.0711864604904004
Depth_003,ZED1_KSC_005146,../dl_datas\Depth_003\ZED1_KSC_005146_L.png,6.803454776437979
Depth_003,ZED1_KSC_005147,../dl_datas\Depth_003\ZED1_KSC_005147_L.png,5.454202948102182
Depth_003,ZED1_KSC_005149,../dl_datas\Depth_003\ZED1_KSC_005149_L.png,7.11052656139493
Depth_003,ZED1_KSC_005151,../dl_datas\Depth_003\ZED1_KSC_005151_L.png,7.855079157167244
Depth_003,ZED1_KSC_005152,../dl_datas\Depth_003\ZED1_KSC_005152_L.png,8.367221964184676
Depth_003,ZED1_KSC_005153,../dl_datas\Depth_003\ZED1_KSC_005153_L.png,6.204471535809437
Depth_003,ZED1_KSC_005154,../dl_datas\Depth_003\ZED1_KSC_005154_L.png,8.313589619360446
Depth_003,ZED1_KSC_005155,../dl_datas\Depth_003\ZED1_KSC_005155_L.png,8.613905802046558
Depth_003,ZED1_KSC_005156,../dl_datas\Depth_003\ZED1_KSC_005156_L.png,12.202901750297942
Depth_003,ZED1_KSC_005158,../dl_datas\Depth_003\ZED1_KSC_005158_L.png,9.849238351384338
Depth_003,ZED1_KSC_005160,../dl_datas\Depth_003\ZED1_KSC_005160_L.png,5.003980590016804
Depth_003,ZED1_KSC_005161,../dl_datas\Depth_003\ZED1_KSC_005161_L.png,5.3351303997967205
Depth_003,ZED1_KSC_005162,../dl_datas\Depth_003\ZED1_KSC_005162_L.png,6.818198893389911
Depth_003,ZED1_KSC_005163,../dl_datas\Depth_003\ZED1_KSC_005163_L.png,6.132963907795258
Depth_003,ZED1_KSC_005164,../dl_datas\Depth_003\ZED1_KSC_005164_L.png,4.999632753473004
Depth_003,ZED1_KSC_005165,../dl_datas\Depth_003\ZED1_KSC_005165_L.png,4.93276528082676
Depth_003,ZED1_KSC_005166,../dl_datas\Depth_003\ZED1_KSC_005166_L.png,5.266893691514596
Depth_003,ZED1_KSC_005167,../dl_datas\Depth_003\ZED1_KSC_005167_L.png,4.253535881260716
Depth_003,ZED1_KSC_005178,../dl_datas\Depth_003\ZED1_KSC_005178_L.png,4.388472973791654
Depth_003,ZED1_KSC_005179,../dl_datas\Depth_003\ZED1_KSC_005179_L.png,5.356427515482905
Depth_003,ZED1_KSC_005180,../dl_datas\Depth_003\ZED1_KSC_005180_L.png,4.831645621196012
Depth_003,ZED1_KSC_005181,../dl_datas\Depth_003\ZED1_KSC_005181_L.png,4.247638151490681
Depth_003,ZED1_KSC_005182,../dl_datas\Depth_003\ZED1_KSC_005182_L.png,3.506880112203409
Depth_003,ZED1_KSC_005183,../dl_datas\Depth_003\ZED1_KSC_005183_L.png,4.596402397937123
Depth_003,ZED1_KSC_005184,../dl_datas\Depth_003\ZED1_KSC_005184_L.png,5.164522291881301
Depth_003,ZED1_KSC_005194,../dl_datas\Depth_003\ZED1_KSC_005194_L.png,6.793617294964625
Depth_003,ZED1_KSC_005195,../dl_datas\Depth_003\ZED1_KSC_005195_L.png,5.7567705789373145
Depth_003,ZED1_KSC_005196,../dl_datas\Depth_003\ZED1_KSC_005196_L.png,7.799233003756728
Depth_003,ZED1_KSC_005197,../dl_datas\Depth_003\ZED1_KSC_005197_L.png,9.52107344581501
Depth_003,ZED1_KSC_005198,../dl_datas\Depth_003\ZED1_KSC_005198_L.png,9.915976243198886
Depth_003,ZED1_KSC_005201,../dl_datas\Depth_003\ZED1_KSC_005201_L.png,7.637818540065425
Depth_003,ZED1_KSC_005203,../dl_datas\Depth_003\ZED1_KSC_005203_L.png,8.315502541066232
Depth_003,ZED1_KSC_005204,../dl_datas\Depth_003\ZED1_KSC_005204_L.png,7.150803653005014
Depth_003,ZED1_KSC_005205,../dl_datas\Depth_003\ZED1_KSC_005205_L.png,10.61778309834877
Depth_003,ZED1_KSC_005206,../dl_datas\Depth_003\ZED1_KSC_005206_L.png,8.2971109487812
Depth_003,ZED1_KSC_005207,../dl_datas\Depth_003\ZED1_KSC_005207_L.png,7.01226813086449
Depth_003,ZED1_KSC_005209,../dl_datas\Depth_003\ZED1_KSC_005209_L.png,6.642219757988096
Depth_003,ZED1_KSC_005210,../dl_datas\Depth_003\ZED1_KSC_005210_L.png,8.640883596646393
Depth_003,ZED1_KSC_005214,../dl_datas\Depth_003\ZED1_KSC_005214_L.png,7.829900860899251
Depth_003,ZED1_KSC_005215,../dl_datas\Depth_003\ZED1_KSC_005215_L.png,6.6505700200157944
Depth_003,ZED1_KSC_005218,../dl_datas\Depth_003\ZED1_KSC_005218_L.png,7.411453681344608
Depth_003,ZED1_KSC_005221,../dl_datas\Depth_003\ZED1_KSC_005221_L.png,7.1671087445791075
Depth_003,ZED1_KSC_005223,../dl_datas\Depth_003\ZED1_KSC_005223_L.png,7.683853955628937
Depth_003,ZED1_KSC_005225,../dl_datas\Depth_003\ZED1_KSC_005225_L.png,11.111523964202215
Depth_003,ZED1_KSC_005226,../dl_datas\Depth_003\ZED1_KSC_005226_L.png,6.9290300145523664
Depth_003,ZED1_KSC_005227,../dl_datas\Depth_003\ZED1_KSC_005227_L.png,6.358815232502601
Depth_003,ZED1_KSC_005228,../dl_datas\Depth_003\ZED1_KSC_005228_L.png,4.334856658256112
Depth_003,ZED1_KSC_005229,../dl_datas\Depth_003\ZED1_KSC_005229_L.png,6.866670912858858
Depth_003,ZED1_KSC_005230,../dl_datas\Depth_003\ZED1_KSC_005230_L.png,5.101924325328986
Depth_003,ZED1_KSC_005231,../dl_datas\Depth_003\ZED1_KSC_005231_L.png,4.408955529959817
Depth_003,ZED1_KSC_005234,../dl_datas\Depth_003\ZED1_KSC_005234_L.png,4.911112067695717
Depth_003,ZED1_KSC_005239,../dl_datas\Depth_003\ZED1_KSC_005239_L.png,4.44250160899582
Depth_003,ZED1_KSC_005245,../dl_datas\Depth_003\ZED1_KSC_005245_L.png,7.2406935015584875
Depth_003,ZED1_KSC_005247,../dl_datas\Depth_003\ZED1_KSC_005247_L.png,7.089776958909076
Depth_003,ZED1_KSC_005248,../dl_datas\Depth_003\ZED1_KSC_005248_L.png,4.752584844128236
Depth_003,ZED1_KSC_005251,../dl_datas\Depth_003\ZED1_KSC_005251_L.png,7.347987943357336
Depth_003,ZED1_KSC_005262,../dl_datas\Depth_003\ZED1_KSC_005262_L.png,8.600693705279737
Depth_003,ZED1_KSC_005263,../dl_datas\Depth_003\ZED1_KSC_005263_L.png,6.89642758064553
Depth_003,ZED1_KSC_005267,../dl_datas\Depth_003\ZED1_KSC_005267_L.png,5.225697680754604
Depth_003,ZED1_KSC_005285,../dl_datas\Depth_003\ZED1_KSC_005285_L.png,3.4100171248898783
Depth_003,ZED1_KSC_005286,../dl_datas\Depth_003\ZED1_KSC_005286_L.png,4.016930168998581
Depth_003,ZED1_KSC_005287,../dl_datas\Depth_003\ZED1_KSC_005287_L.png,5.363812267318316
Depth_003,ZED1_KSC_005294,../dl_datas\Depth_003\ZED1_KSC_005294_L.png,3.2457630417909407
Depth_003,ZED1_KSC_005295,../dl_datas\Depth_003\ZED1_KSC_005295_L.png,4.680065064058136
Depth_003,ZED1_KSC_005302,../dl_datas\Depth_003\ZED1_KSC_005302_L.png,6.347519706172561
Depth_003,ZED1_KSC_005317,../dl_datas\Depth_003\ZED1_KSC_005317_L.png,3.7332898491062676
Depth_003,ZED1_KSC_005318,../dl_datas\Depth_003\ZED1_KSC_005318_L.png,4.634556221125137
Depth_003,ZED1_KSC_005322,../dl_datas\Depth_003\ZED1_KSC_005322_L.png,2.191334797971285
Depth_003,ZED1_KSC_005332,../dl_datas\Depth_003\ZED1_KSC_005332_L.png,4.021656277254899
Depth_003,ZED1_KSC_005333,../dl_datas\Depth_003\ZED1_KSC_005333_L.png,2.9350496836340425
Depth_003,ZED1_KSC_005334,../dl_datas\Depth_003\ZED1_KSC_005334_L.png,4.90052951725301
Depth_003,ZED1_KSC_005335,../dl_datas\Depth_003\ZED1_KSC_005335_L.png,4.3530269774567065
Depth_003,ZED1_KSC_005336,../dl_datas\Depth_003\ZED1_KSC_005336_L.png,3.570893125552528
Depth_003,ZED1_KSC_005341,../dl_datas\Depth_003\ZED1_KSC_005341_L.png,5.244075922767816
Depth_003,ZED1_KSC_005342,../dl_datas\Depth_003\ZED1_KSC_005342_L.png,5.113317336679758
Depth_003,ZED1_KSC_005343,../dl_datas\Depth_003\ZED1_KSC_005343_L.png,5.403414497895246
Depth_003,ZED1_KSC_005344,../dl_datas\Depth_003\ZED1_KSC_005344_L.png,6.2079464273264415
Depth_003,ZED1_KSC_005345,../dl_datas\Depth_003\ZED1_KSC_005345_L.png,5.400004410206056
Depth_003,ZED1_KSC_005346,../dl_datas\Depth_003\ZED1_KSC_005346_L.png,5.813587778787956
Depth_003,ZED1_KSC_005347,../dl_datas\Depth_003\ZED1_KSC_005347_L.png,4.50410891957646
Depth_003,ZED1_KSC_005348,../dl_datas\Depth_003\ZED1_KSC_005348_L.png,6.040820367578999
Depth_003,ZED1_KSC_005350,../dl_datas\Depth_003\ZED1_KSC_005350_L.png,3.3502999945891845
Depth_003,ZED1_KSC_005352,../dl_datas\Depth_003\ZED1_KSC_005352_L.png,4.949339025749909
Depth_003,ZED1_KSC_005353,../dl_datas\Depth_003\ZED1_KSC_005353_L.png,4.759628024141936
Depth_003,ZED1_KSC_005354,../dl_datas\Depth_003\ZED1_KSC_005354_L.png,4.4544777830832345
Depth_003,ZED1_KSC_005355,../dl_datas\Depth_003\ZED1_KSC_005355_L.png,9.501170547669751
Depth_003,ZED1_KSC_005356,../dl_datas\Depth_003\ZED1_KSC_005356_L.png,5.425419622029805
Depth_003,ZED1_KSC_005357,../dl_datas\Depth_003\ZED1_KSC_005357_L.png,4.595720490570008
Depth_003,ZED1_KSC_005358,../dl_datas\Depth_003\ZED1_KSC_005358_L.png,4.87684592157881
Depth_003,ZED1_KSC_005359,../dl_datas\Depth_003\ZED1_KSC_005359_L.png,5.131066021358947
Depth_003,ZED1_KSC_005361,../dl_datas\Depth_003\ZED1_KSC_005361_L.png,4.5340161700371056
Depth_003,ZED1_KSC_005363,../dl_datas\Depth_003\ZED1_KSC_005363_L.png,4.6372604564025055
Depth_003,ZED1_KSC_005365,../dl_datas\Depth_003\ZED1_KSC_005365_L.png,3.5529180595519145
Depth_003,ZED1_KSC_005366,../dl_datas\Depth_003\ZED1_KSC_005366_L.png,3.6095595510472975
Depth_003,ZED1_KSC_005367,../dl_datas\Depth_003\ZED1_KSC_005367_L.png,2.969067772643038
Depth_003,ZED1_KSC_005368,../dl_datas\Depth_003\ZED1_KSC_005368_L.png,4.4237240593595475
Depth_003,ZED1_KSC_005374,../dl_datas\Depth_003\ZED1_KSC_005374_L.png,4.054440142584692
Depth_003,ZED1_KSC_005375,../dl_datas\Depth_003\ZED1_KSC_005375_L.png,3.744288058129234
Depth_003,ZED1_KSC_005376,../dl_datas\Depth_003\ZED1_KSC_005376_L.png,4.286331239346818
Depth_003,ZED1_KSC_005377,../dl_datas\Depth_003\ZED1_KSC_005377_L.png,5.791293099944495
Depth_003,ZED1_KSC_005378,../dl_datas\Depth_003\ZED1_KSC_005378_L.png,6.884130001635092
Depth_003,ZED1_KSC_005379,../dl_datas\Depth_003\ZED1_KSC_005379_L.png,8.476742792968423
Depth_003,ZED1_KSC_005380,../dl_datas\Depth_003\ZED1_KSC_005380_L.png,6.611561742090876
